entry_ts,exit_ts,symbol,side,qty,entry_price,exit_price,pnl,pnl_pct,exit_reason,strategy_id,strategy_label,source_type,session_id
2024-12-23 20:30:00+00:00,2024-12-24 14:30:00+00:00,NVDA,LONG,1.0,139.65499877929688,141.83044065189728,131.02537817202276,0.013102537817202276,trailing_stop,06cf8b1aeb7d1b77,NVDA_1h_artifacts/xgb_prob_nvda_1h_v1.pkl,backtest,backtest
2024-12-24 16:30:00+00:00,2024-12-26 14:30:00+00:00,NVDA,LONG,1.0,140.76449584960938,138.49096308884108,-157.4494154829249,-0.015541310934050201,stop_loss,06cf8b1aeb7d1b77,NVDA_1h_artifacts/xgb_prob_nvda_1h_v1.pkl,backtest,backtest
2024-12-26 20:30:00+00:00,2024-12-27 14:30:00+00:00,NVDA,LONG,1.0,139.88999938964844,134.77285538639953,354.49270773483147,0.03554319023196695,stop_loss,06cf8b1aeb7d1b77,NVDA_1h_artifacts/xgb_prob_nvda_1h_v1.pkl,backtest,backtest
2024-12-27 20:30:00+00:00,2024-12-30 14:30:00+00:00,NVDA,LONG,1.0,137.13999938964844,134.08709615642286,201.38203548790764,0.019498518252942798,stop_loss,06cf8b1aeb7d1b77,NVDA_1h_artifacts/xgb_prob_nvda_1h_v1.pkl,backtest,backtest
2024-12-30 16:30:00+00:00,2024-12-30 17:30:00+00:00,NVDA,LONG,1.0,139.02000427246094,140.2023541506257,72.23293877928123,0.006860086133336996,trailing_stop,06cf8b1aeb7d1b77,NVDA_1h_artifacts/xgb_prob_nvda_1h_v1.pkl,backtest,backtest
2024-12-30 19:30:00+00:00,2024-12-30 20:30:00+00:00,NVDA,LONG,1.0,138.5998992919922,137.4449440112987,75.09584691438744,0.007083388774007826,stop_loss,06cf8b1aeb7d1b77,NVDA_1h_artifacts/xgb_prob_nvda_1h_v1.pkl,backtest,backtest
2024-12-31 15:30:00+00:00,2024-12-31 16:30:00+00:00,NVDA,LONG,1.0,135.11000061035156,135.23256938431172,-0.9215872042031824,-8.631696523542232e-05,stop_loss,06cf8b1aeb7d1b77,NVDA_1h_artifacts/xgb_prob_nvda_1h_v1.pkl,backtest,backtest
2024-12-31 20:30:00+00:00,2025-01-02 14:30:00+00:00,NVDA,LONG,1.0,134.2899932861328,138.30649659236994,295.9863883904762,0.027724834017175404,trailing_stop,06cf8b1aeb7d1b77,NVDA_1h_artifacts/xgb_prob_nvda_1h_v1.pkl,backtest,backtest
2025-01-02 15:30:00+00:00,2025-01-02 16:30:00+00:00,NVDA,LONG,1.0,137.92129516601562,138.81007542555727,52.597222336281654,0.004793836016323771,trailing_stop,06cf8b1aeb7d1b77,NVDA_1h_artifacts/xgb_prob_nvda_1h_v1.pkl,backtest,backtest
2025-01-02 20:30:00+00:00,2025-01-03 14:30:00+00:00,NVDA,LONG,1.0,138.27999877929688,140.18622523773107,-148.33990467779267,-0.013455548244710291,stop_loss,06cf8b1aeb7d1b77,NVDA_1h_artifacts/xgb_prob_nvda_1h_v1.pkl,backtest,backtest
2025-01-03 20:30:00+00:00,2025-01-06 14:30:00+00:00,NVDA,LONG,1.0,144.58999633789062,151.63679773094208,518.6562878405206,0.047687701569666396,trailing_stop,06cf8b1aeb7d1b77,NVDA_1h_artifacts/xgb_prob_nvda_1h_v1.pkl,backtest,backtest
2025-01-06 19:30:00+00:00,2025-01-06 20:30:00+00:00,NVDA,LONG,1.0,150.52499389648438,148.32542463634746,148.8203723384012,0.01306042424654974,stop_loss,06cf8b1aeb7d1b77,NVDA_1h_artifacts/xgb_prob_nvda_1h_v1.pkl,backtest,backtest
2025-01-07 14:30:00+00:00,2025-01-07 15:30:00+00:00,NVDA,LONG,1.0,143.6580047607422,146.3726752753851,147.56222772040365,0.012783057753924743,stop_loss,06cf8b1aeb7d1b77,NVDA_1h_artifacts/xgb_prob_nvda_1h_v1.pkl,backtest,backtest
2025-01-08 17:30:00+00:00,2025-01-08 18:30:00+00:00,NVDA,LONG,1.0,140.6199951171875,140.9151532346525,7.608176921860139,0.0006507643050679413,trailing_stop,06cf8b1aeb7d1b77,NVDA_1h_artifacts/xgb_prob_nvda_1h_v1.pkl,backtest,backtest
2025-01-08 20:30:00+00:00,2025-01-10 14:30:00+00:00,NVDA,LONG,1.0,140.05999755859375,137.4776290173833,-148.390757198468,-0.012684327300075515,stop_loss,06cf8b1aeb7d1b77,NVDA_1h_artifacts/xgb_prob_nvda_1h_v1.pkl,backtest,backtest
2025-01-10 20:30:00+00:00,2025-01-13 14:30:00+00:00,NVDA,LONG,1.0,135.86000061035156,132.80692863151427,-165.45994681451288,-0.014325092606491063,stop_loss,06cf8b1aeb7d1b77,NVDA_1h_artifacts/xgb_prob_nvda_1h_v1.pkl,backtest,backtest
2025-01-13 20:30:00+00:00,2025-01-14 14:30:00+00:00,NVDA,LONG,1.0,133.24000549316406,136.30188822084082,190.40793780345777,0.016724606428985878,trailing_stop,06cf8b1aeb7d1b77,NVDA_1h_artifacts/xgb_prob_nvda_1h_v1.pkl,backtest,backtest
2025-01-14 20:30:00+00:00,2025-01-15 14:30:00+00:00,NVDA,LONG,1.0,131.85000610351562,133.2617382112219,-107.73827823963082,-0.009307596627341486,stop_loss,06cf8b1aeb7d1b77,NVDA_1h_artifacts/xgb_prob_nvda_1h_v1.pkl,backtest,backtest
2025-01-15 18:30:00+00:00,2025-01-15 19:30:00+00:00,NVDA,LONG,1.0,135.9398956298828,136.16318920008354,5.781540870830962,0.0005041645322667598,trailing_stop,06cf8b1aeb7d1b77,NVDA_1h_artifacts/xgb_prob_nvda_1h_v1.pkl,backtest,backtest
2025-01-15 20:30:00+00:00,2025-01-16 14:30:00+00:00,NVDA,LONG,1.0,136.1999969482422,138.21783468028147,-172.03527299770946,-0.014994337784310807,stop_loss,06cf8b1aeb7d1b77,NVDA_1h_artifacts/xgb_prob_nvda_1h_v1.pkl,backtest,backtest
2025-01-16 15:30:00+00:00,2025-01-16 16:30:00+00:00,NVDA,LONG,1.0,135.24000549316406,134.91910454111135,-34.37064063958679,-0.003041295989801185,stop_loss,06cf8b1aeb7d1b77,NVDA_1h_artifacts/xgb_prob_nvda_1h_v1.pkl,backtest,backtest
2025-01-16 17:30:00+00:00,2025-01-16 18:30:00+00:00,NVDA,LONG,1.0,134.25999450683594,133.61686734004928,38.91624893055231,0.003454020140087888,stop_loss,06cf8b1aeb7d1b77,NVDA_1h_artifacts/xgb_prob_nvda_1h_v1.pkl,backtest,backtest
2025-01-16 20:30:00+00:00,2025-01-17 14:30:00+00:00,NVDA,LONG,1.0,133.55999755859375,137.56448365498971,308.03064060302904,0.027245220977023754,trailing_stop,06cf8b1aeb7d1b77,NVDA_1h_artifacts/xgb_prob_nvda_1h_v1.pkl,backtest,backtest
2025-01-21 16:30:00+00:00,2025-01-21 17:30:00+00:00,NVDA,LONG,1.0,139.33009338378906,141.77000423999624,191.56202906514253,0.016494217409564804,trailing_stop,06cf8b1aeb7d1b77,NVDA_1h_artifacts/xgb_prob_nvda_1h_v1.pkl,backtest,backtest
2025-01-21 20:30:00+00:00,2025-01-22 14:30:00+00:00,NVDA,LONG,1.0,140.8300018310547,143.49747489118104,-235.1899193296973,-0.019922144091590877,stop_loss,06cf8b1aeb7d1b77,NVDA_1h_artifacts/xgb_prob_nvda_1h_v1.pkl,backtest,backtest
2025-01-22 20:30:00+00:00,2025-01-23 14:30:00+00:00,NVDA,LONG,1.0,147.0399932861328,143.78018262204952,244.68075208442303,0.021147381679228694,stop_loss,06cf8b1aeb7d1b77,NVDA_1h_artifacts/xgb_prob_nvda_1h_v1.pkl,backtest,backtest
2025-01-23 20:30:00+00:00,2025-01-24 14:30:00+00:00,NVDA,LONG,1.0,147.1999969482422,148.913716407539,125.59844467614637,0.010630474017193414,trailing_stop,06cf8b1aeb7d1b77,NVDA_1h_artifacts/xgb_prob_nvda_1h_v1.pkl,backtest,backtest
2025-01-24 15:30:00+00:00,2025-01-24 16:30:00+00:00,NVDA,LONG,1.0,145.1999969482422,144.20143057244155,70.0945827335854,0.005870301862199279,stop_loss,06cf8b1aeb7d1b77,NVDA_1h_artifacts/xgb_prob_nvda_1h_v1.pkl,backtest,backtest
2025-01-24 17:30:00+00:00,2025-01-24 18:30:00+00:00,NVDA,LONG,1.0,143.38999938964844,142.3754432412376,-96.90692744248503,-0.00806842594725321,stop_loss,06cf8b1aeb7d1b77,NVDA_1h_artifacts/xgb_prob_nvda_1h_v1.pkl,backtest,backtest
2025-01-24 20:30:00+00:00,2025-01-27 14:30:00+00:00,NVDA,LONG,1.0,142.60040283203125,123.1101965574407,1614.7916111044,0.1355404001786058,stop_loss,06cf8b1aeb7d1b77,NVDA_1h_artifacts/xgb_prob_nvda_1h_v1.pkl,backtest,backtest
2025-01-27 15:30:00+00:00,2025-01-27 16:30:00+00:00,NVDA,LONG,1.0,119.1500015258789,117.37761923142033,89.0303222299538,0.0065809354968995315,stop_loss,06cf8b1aeb7d1b77,NVDA_1h_artifacts/xgb_prob_nvda_1h_v1.pkl,backtest,backtest
2025-01-27 20:30:00+00:00,2025-01-28 14:30:00+00:00,NVDA,LONG,1.0,118.51000213623048,121.88653873795913,174.7932989991856,0.012835883519066948,trailing_stop,06cf8b1aeb7d1b77,NVDA_1h_artifacts/xgb_prob_nvda_1h_v1.pkl,backtest,backtest
2025-01-28 15:30:00+00:00,2025-01-28 16:30:00+00:00,NVDA,LONG,1.0,120.7699966430664,126.52046927934921,294.60259451286356,0.02135986364710618,trailing_stop,06cf8b1aeb7d1b77,NVDA_1h_artifacts/xgb_prob_nvda_1h_v1.pkl,backtest,backtest
2025-01-28 20:30:00+00:00,2025-01-29 14:30:00+00:00,NVDA,LONG,1.0,128.9801025390625,123.82091612774177,-293.11945864266914,-0.02080787696366959,stop_loss,06cf8b1aeb7d1b77,NVDA_1h_artifacts/xgb_prob_nvda_1h_v1.pkl,backtest,backtest
2025-01-29 16:30:00+00:00,2025-01-29 17:30:00+00:00,NVDA,LONG,1.0,122.99839782714844,120.0518425945172,-162.09984583844673,-0.0117516219556838,stop_loss,06cf8b1aeb7d1b77,NVDA_1h_artifacts/xgb_prob_nvda_1h_v1.pkl,backtest,backtest
2025-01-30 14:30:00+00:00,2025-01-30 15:30:00+00:00,NVDA,LONG,1.0,119.56999969482422,118.2151496178827,68.10257810669349,0.004995887531387799,stop_loss,06cf8b1aeb7d1b77,NVDA_1h_artifacts/xgb_prob_nvda_1h_v1.pkl,backtest,backtest
2025-01-30 18:30:00+00:00,2025-01-30 19:30:00+00:00,NVDA,LONG,1.0,121.45500183105467,122.97312394106376,-94.7018529764908,-0.0069126296841556245,stop_loss,06cf8b1aeb7d1b77,NVDA_1h_artifacts/xgb_prob_nvda_1h_v1.pkl,backtest,backtest
2025-01-30 20:30:00+00:00,2025-01-31 14:30:00+00:00,NVDA,LONG,1.0,124.91000366210938,126.52454277559787,85.39865776260623,0.006276946128146665,trailing_stop,06cf8b1aeb7d1b77,NVDA_1h_artifacts/xgb_prob_nvda_1h_v1.pkl,backtest,backtest
2025-01-31 17:30:00+00:00,2025-01-31 18:30:00+00:00,NVDA,LONG,1.0,124.16999816894533,122.67374013135397,82.18226912633598,0.006002856503514176,stop_loss,06cf8b1aeb7d1b77,NVDA_1h_artifacts/xgb_prob_nvda_1h_v1.pkl,backtest,backtest
2025-01-31 20:30:00+00:00,2025-02-03 14:30:00+00:00,NVDA,LONG,1.0,120.0,113.10916247474219,423.34347149315363,0.030737849958998753,stop_loss,06cf8b1aeb7d1b77,NVDA_1h_artifacts/xgb_prob_nvda_1h_v1.pkl,backtest,backtest
2025-02-03 17:30:00+00:00,2025-02-03 18:30:00+00:00,NVDA,LONG,1.0,115.93990325927734,118.4592586440141,138.36037407359993,0.009746397569732279,trailing_stop,06cf8b1aeb7d1b77,NVDA_1h_artifacts/xgb_prob_nvda_1h_v1.pkl,backtest,backtest
2025-02-04 14:30:00+00:00,2025-02-04 15:30:00+00:00,NVDA,LONG,1.0,119.93000030517578,120.2580734171842,12.802826291490573,0.0008931531536018333,trailing_stop,06cf8b1aeb7d1b77,NVDA_1h_artifacts/xgb_prob_nvda_1h_v1.pkl,backtest,backtest
2025-02-04 20:30:00+00:00,2025-02-05 14:30:00+00:00,NVDA,LONG,1.0,118.68000030517578,123.30685644951078,349.2064609260036,0.02433966715258329,trailing_stop,06cf8b1aeb7d1b77,NVDA_1h_artifacts/xgb_prob_nvda_1h_v1.pkl,backtest,backtest
2025-02-05 15:30:00+00:00,2025-02-05 16:30:00+00:00,NVDA,LONG,1.0,123.22599792480467,124.55203129227294,89.69225978814764,0.006102999576765855,trailing_stop,06cf8b1aeb7d1b77,NVDA_1h_artifacts/xgb_prob_nvda_1h_v1.pkl,backtest,backtest
2025-02-05 20:30:00+00:00,2025-02-06 14:30:00+00:00,NVDA,LONG,1.0,124.95500183105467,127.41890976015857,189.14905315583857,0.012792343174410137,trailing_stop,06cf8b1aeb7d1b77,NVDA_1h_artifacts/xgb_prob_nvda_1h_v1.pkl,backtest,backtest
2025-02-06 15:30:00+00:00,2025-02-06 16:30:00+00:00,NVDA,LONG,1.0,126.86000061035156,128.16375929402986,103.40899198273128,0.006905320256837877,trailing_stop,06cf8b1aeb7d1b77,NVDA_1h_artifacts/xgb_prob_nvda_1h_v1.pkl,backtest,backtest
2025-02-06 18:30:00+00:00,2025-02-06 19:30:00+00:00,NVDA,LONG,1.0,127.6948013305664,124.90004214443611,258.99782963342,0.017176434187381018,stop_loss,06cf8b1aeb7d1b77,NVDA_1h_artifacts/xgb_prob_nvda_1h_v1.pkl,backtest,backtest
2025-02-06 20:30:00+00:00,2025-02-07 14:30:00+00:00,NVDA,LONG,1.0,128.68499755859375,130.2984583806219,142.5046748558039,0.009291155027810527,trailing_stop,06cf8b1aeb7d1b77,NVDA_1h_artifacts/xgb_prob_nvda_1h_v1.pkl,backtest,backtest
2025-02-07 20:30:00+00:00,2025-02-10 14:30:00+00:00,NVDA,LONG,1.0,129.86000061035156,134.71202145059405,447.7558200360902,0.028924467165279744,trailing_stop,06cf8b1aeb7d1b77,NVDA_1h_artifacts/xgb_prob_nvda_1h_v1.pkl,backtest,backtest
2025-02-10 20:30:00+00:00,2025-02-11 14:30:00+00:00,NVDA,LONG,1.0,133.50999450683594,132.07279147228033,149.76273429208712,0.009402522767055999,stop_loss,06cf8b1aeb7d1b77,NVDA_1h_artifacts/xgb_prob_nvda_1h_v1.pkl,backtest,backtest
2025-02-11 15:30:00+00:00,2025-02-11 16:30:00+00:00,NVDA,LONG,1.0,133.9698944091797,131.88580327077244,-259.4837124831751,-0.016139361529655005,stop_loss,06cf8b1aeb7d1b77,NVDA_1h_artifacts/xgb_prob_nvda_1h_v1.pkl,backtest,backtest
2025-02-11 20:30:00+00:00,2025-02-12 14:30:00+00:00,NVDA,LONG,1.0,132.8699951171875,131.03439236130632,-233.53402037529557,-0.014763618599969996,stop_loss,06cf8b1aeb7d1b77,NVDA_1h_artifacts/xgb_prob_nvda_1h_v1.pkl,backtest,backtest
2025-02-12 20:30:00+00:00,2025-02-13 14:30:00+00:00,NVDA,LONG,1.0,131.07989501953125,132.6530738030793,-202.1483791934925,-0.012970970880515464,stop_loss,06cf8b1aeb7d1b77,NVDA_1h_artifacts/xgb_prob_nvda_1h_v1.pkl,backtest,backtest
2025-02-13 16:30:00+00:00,2025-02-13 17:30:00+00:00,NVDA,LONG,1.0,135.00999450683594,133.4840237055383,152.68327429702063,0.009925759770436748,stop_loss,06cf8b1aeb7d1b77,NVDA_1h_artifacts/xgb_prob_nvda_1h_v1.pkl,backtest,backtest
2025-02-13 20:30:00+00:00,2025-02-14 14:30:00+00:00,NVDA,LONG,1.0,135.25,137.31858233303996,-252.90103003961437,-0.016279214422971755,stop_loss,06cf8b1aeb7d1b77,NVDA_1h_artifacts/xgb_prob_nvda_1h_v1.pkl,backtest,backtest
2025-02-14 20:30:00+00:00,2025-02-18 14:30:00+00:00,NVDA,LONG,1.0,138.86000061035156,143.38436775521674,482.1513483135156,0.03154963818128764,trailing_stop,06cf8b1aeb7d1b77,NVDA_1h_artifacts/xgb_prob_nvda_1h_v1.pkl,backtest,backtest
2025-02-18 19:30:00+00:00,2025-02-18 20:30:00+00:00,NVDA,LONG,1.0,139.54989624023438,137.9843500129726,160.91293888843015,0.010207322421380338,stop_loss,06cf8b1aeb7d1b77,NVDA_1h_artifacts/xgb_prob_nvda_1h_v1.pkl,backtest,backtest
2025-02-19 16:30:00+00:00,2025-02-19 17:30:00+00:00,NVDA,LONG,1.0,139.81500244140625,141.2964415294819,150.6683288566647,0.009460897242812294,trailing_stop,06cf8b1aeb7d1b77,NVDA_1h_artifacts/xgb_prob_nvda_1h_v1.pkl,backtest,backtest
2025-02-19 18:30:00+00:00,2025-02-19 19:30:00+00:00,NVDA,LONG,1.0,140.44509887695312,139.07748101569743,140.3117359919256,0.008728002289289272,stop_loss,06cf8b1aeb7d1b77,NVDA_1h_artifacts/xgb_prob_nvda_1h_v1.pkl,backtest,backtest
2025-02-19 20:30:00+00:00,2025-02-20 14:30:00+00:00,NVDA,LONG,1.0,139.24000549316406,136.8474096540149,262.1546671994193,0.01616606685588895,stop_loss,06cf8b1aeb7d1b77,NVDA_1h_artifacts/xgb_prob_nvda_1h_v1.pkl,backtest,backtest
2025-02-20 20:30:00+00:00,2025-02-21 14:30:00+00:00,NVDA,LONG,1.0,140.1199951171875,141.40483948352596,134.47173217805388,0.008160430821444242,trailing_stop,06cf8b1aeb7d1b77,NVDA_1h_artifacts/xgb_prob_nvda_1h_v1.pkl,backtest,backtest
2025-02-21 16:30:00+00:00,2025-02-21 17:30:00+00:00,NVDA,LONG,1.0,138.99110412597656,136.1173172314462,326.53433257511654,0.019655373059226378,stop_loss,06cf8b1aeb7d1b77,NVDA_1h_artifacts/xgb_prob_nvda_1h_v1.pkl,backtest,backtest
2025-02-21 20:30:00+00:00,2025-02-24 14:30:00+00:00,NVDA,LONG,1.0,134.27000427246094,138.5252698019761,488.9224708899249,0.028862837630888816,trailing_stop,06cf8b1aeb7d1b77,NVDA_1h_artifacts/xgb_prob_nvda_1h_v1.pkl,backtest,backtest
2025-02-24 15:30:00+00:00,2025-02-24 16:30:00+00:00,NVDA,LONG,1.0,134.0399932861328,134.90791644303707,69.47472062772816,0.003986285102019593,trailing_stop,06cf8b1aeb7d1b77,NVDA_1h_artifacts/xgb_prob_nvda_1h_v1.pkl,backtest,backtest
2025-02-24 18:30:00+00:00,2025-02-24 19:30:00+00:00,NVDA,LONG,1.0,132.72000122070312,132.04630749718848,-84.00159264681173,-0.004800663744577771,stop_loss,06cf8b1aeb7d1b77,NVDA_1h_artifacts/xgb_prob_nvda_1h_v1.pkl,backtest,backtest
2025-02-24 20:30:00+00:00,2025-02-25 14:30:00+00:00,NVDA,LONG,1.0,130.10000610351562,129.9643107259891,-27.14000242199989,-0.0015585242770924657,stop_loss,06cf8b1aeb7d1b77,NVDA_1h_artifacts/xgb_prob_nvda_1h_v1.pkl,backtest,backtest
2025-02-25 15:30:00+00:00,2025-02-25 16:30:00+00:00,NVDA,LONG,1.0,126.19000244140624,128.45131198357046,186.97935396775773,0.010754116353476784,trailing_stop,06cf8b1aeb7d1b77,NVDA_1h_artifacts/xgb_prob_nvda_1h_v1.pkl,backtest,backtest
2025-02-25 20:30:00+00:00,2025-02-26 14:30:00+00:00,NVDA,LONG,1.0,126.62999725341795,131.52267845923333,434.5054028715675,0.024724683359219846,trailing_stop,06cf8b1aeb7d1b77,NVDA_1h_artifacts/xgb_prob_nvda_1h_v1.pkl,backtest,backtest
2025-02-26 17:30:00+00:00,2025-02-26 18:30:00+00:00,NVDA,LONG,1.0,130.3751983642578,129.2554964882161,-108.48740874566363,-0.006024315328633567,stop_loss,06cf8b1aeb7d1b77,NVDA_1h_artifacts/xgb_prob_nvda_1h_v1.pkl,backtest,backtest
2025-02-26 20:30:00+00:00,2025-02-27 14:30:00+00:00,NVDA,LONG,1.0,131.52000427246094,134.90621754654424,275.8992911116514,0.015413568042917047,trailing_stop,06cf8b1aeb7d1b77,NVDA_1h_artifacts/xgb_prob_nvda_1h_v1.pkl,backtest,backtest
2025-02-27 17:30:00+00:00,2025-02-27 18:30:00+00:00,NVDA,LONG,1.0,127.61000061035156,123.73554514750946,-290.9507045853787,-0.01600770419424813,stop_loss,06cf8b1aeb7d1b77,NVDA_1h_artifacts/xgb_prob_nvda_1h_v1.pkl,backtest,backtest
2025-02-27 20:30:00+00:00,2025-02-28 14:30:00+00:00,NVDA,LONG,1.0,120.01000213623048,120.00308032978327,-9.38312468864168,-0.0005246448650264579,stop_loss,06cf8b1aeb7d1b77,NVDA_1h_artifacts/xgb_prob_nvda_1h_v1.pkl,backtest,backtest
2025-02-28 19:30:00+00:00,2025-02-28 20:30:00+00:00,NVDA,LONG,1.0,121.88500213623048,124.12429100296013,-171.1572575303606,-0.009575052597497469,stop_loss,06cf8b1aeb7d1b77,NVDA_1h_artifacts/xgb_prob_nvda_1h_v1.pkl,backtest,backtest
2025-03-03 14:30:00+00:00,2025-03-03 15:30:00+00:00,NVDA,LONG,1.0,119.51000213623048,118.63316208900234,51.23344451994273,0.0028938621091050276,stop_loss,06cf8b1aeb7d1b77,NVDA_1h_artifacts/xgb_prob_nvda_1h_v1.pkl,backtest,backtest
2025-03-03 16:30:00+00:00,2025-03-03 17:30:00+00:00,NVDA,LONG,1.0,118.41000366210938,114.62404988821076,258.5720449006969,0.014563000847260366,stop_loss,06cf8b1aeb7d1b77,NVDA_1h_artifacts/xgb_prob_nvda_1h_v1.pkl,backtest,backtest
2025-03-03 20:30:00+00:00,2025-03-04 14:30:00+00:00,NVDA,LONG,1.0,114.01000213623048,111.4170239141848,-193.31170399596516,-0.010731203568169478,stop_loss,06cf8b1aeb7d1b77,NVDA_1h_artifacts/xgb_prob_nvda_1h_v1.pkl,backtest,backtest
2025-03-04 15:30:00+00:00,2025-03-04 16:30:00+00:00,NVDA,LONG,1.0,111.83000183105467,116.479040241886,300.0888113993963,0.016839367575133046,trailing_stop,06cf8b1aeb7d1b77,NVDA_1h_artifacts/xgb_prob_nvda_1h_v1.pkl,backtest,backtest
2025-03-04 18:30:00+00:00,2025-03-04 19:30:00+00:00,NVDA,LONG,1.0,117.7698974609375,119.18642877052376,84.38615523142838,0.0046568775862039224,trailing_stop,06cf8b1aeb7d1b77,NVDA_1h_artifacts/xgb_prob_nvda_1h_v1.pkl,backtest,backtest
2025-03-04 20:30:00+00:00,2025-03-05 14:30:00+00:00,NVDA,LONG,1.0,115.95999908447266,114.76154537495158,74.76818649433324,0.004106981126252851,stop_loss,06cf8b1aeb7d1b77,NVDA_1h_artifacts/xgb_prob_nvda_1h_v1.pkl,backtest,backtest
2025-03-05 20:30:00+00:00,2025-03-06 14:30:00+00:00,NVDA,LONG,1.0,117.29000091552734,112.40434008064896,376.92956053600733,0.020619877064297354,stop_loss,06cf8b1aeb7d1b77,NVDA_1h_artifacts/xgb_prob_nvda_1h_v1.pkl,backtest,backtest
2025-03-06 15:30:00+00:00,2025-03-06 16:30:00+00:00,NVDA,LONG,1.0,114.05999755859376,111.31780166083313,205.981640166339,0.011040541215466382,stop_loss,06cf8b1aeb7d1b77,NVDA_1h_artifacts/xgb_prob_nvda_1h_v1.pkl,backtest,backtest
2025-03-07 15:30:00+00:00,2025-03-07 16:30:00+00:00,NVDA,LONG,1.0,109.6999969482422,107.79817377579596,-177.6212772691539,-0.00941647308956639,stop_loss,06cf8b1aeb7d1b77,NVDA_1h_artifacts/xgb_prob_nvda_1h_v1.pkl,backtest,backtest
2025-03-07 17:30:00+00:00,2025-03-07 18:30:00+00:00,NVDA,LONG,1.0,110.50890350341795,112.25113449871876,-157.71755661311437,-0.008440772976950672,stop_loss,06cf8b1aeb7d1b77,NVDA_1h_artifacts/xgb_prob_nvda_1h_v1.pkl,backtest,backtest
2025-03-10 13:30:00+00:00,2025-03-10 14:30:00+00:00,NVDA,LONG,1.0,108.06439971923828,106.27966889344104,146.23080686292508,0.007892641840248293,stop_loss,06cf8b1aeb7d1b77,NVDA_1h_artifacts/xgb_prob_nvda_1h_v1.pkl,backtest,backtest
2025-03-10 19:30:00+00:00,2025-03-11 13:30:00+00:00,NVDA,LONG,1.0,107.0199966430664,110.90041116179614,352.52355737716704,0.018878061148329905,trailing_stop,06cf8b1aeb7d1b77,NVDA_1h_artifacts/xgb_prob_nvda_1h_v1.pkl,backtest,backtest
2025-03-11 17:30:00+00:00,2025-03-11 18:30:00+00:00,NVDA,LONG,1.0,110.43000030517578,112.15594414637467,-154.7420655288806,-0.008133087096233726,stop_loss,06cf8b1aeb7d1b77,NVDA_1h_artifacts/xgb_prob_nvda_1h_v1.pkl,backtest,backtest
2025-03-11 19:30:00+00:00,2025-03-12 13:30:00+00:00,NVDA,LONG,1.0,108.63999938964844,114.15940260179396,-484.70643492011476,-0.025684576887109345,stop_loss,06cf8b1aeb7d1b77,NVDA_1h_artifacts/xgb_prob_nvda_1h_v1.pkl,backtest,backtest
2025-03-14 19:30:00+00:00,2025-03-17 13:30:00+00:00,NVDA,LONG,1.0,121.4499969482422,122.81166018011913,129.62355937447927,0.007049819468620155,trailing_stop,06cf8b1aeb7d1b77,NVDA_1h_artifacts/xgb_prob_nvda_1h_v1.pkl,backtest,backtest
2025-03-17 16:30:00+00:00,2025-03-17 17:30:00+00:00,NVDA,LONG,1.0,119.17489624023438,120.49539320174041,133.15275887332118,0.0071910658613039136,trailing_stop,06cf8b1aeb7d1b77,NVDA_1h_artifacts/xgb_prob_nvda_1h_v1.pkl,backtest,backtest
2025-03-17 19:30:00+00:00,2025-03-18 13:30:00+00:00,NVDA,LONG,1.0,119.4800033569336,118.14139688038973,-174.29085797365343,-0.009345570975464623,stop_loss,06cf8b1aeb7d1b77,NVDA_1h_artifacts/xgb_prob_nvda_1h_v1.pkl,backtest,backtest
2025-03-18 15:30:00+00:00,2025-03-18 16:30:00+00:00,NVDA,LONG,1.0,117.63999938964844,118.94518752234454,130.88360409235156,0.0070842567441802284,trailing_stop,06cf8b1aeb7d1b77,NVDA_1h_artifacts/xgb_prob_nvda_1h_v1.pkl,backtest,backtest
2025-03-19 14:30:00+00:00,2025-03-19 15:30:00+00:00,NVDA,LONG,1.0,117.24500274658205,118.02526623419156,73.16770255022276,0.003932445010701668,trailing_stop,06cf8b1aeb7d1b77,NVDA_1h_artifacts/xgb_prob_nvda_1h_v1.pkl,backtest,backtest
2025-03-19 17:30:00+00:00,2025-03-19 18:30:00+00:00,NVDA,LONG,1.0,118.53600311279295,120.37639548708339,208.87992267721333,0.011182410939337917,trailing_stop,06cf8b1aeb7d1b77,NVDA_1h_artifacts/xgb_prob_nvda_1h_v1.pkl,backtest,backtest
2025-03-20 13:30:00+00:00,2025-03-20 14:30:00+00:00,NVDA,LONG,1.0,118.9000015258789,119.83198479167153,93.47628126756918,0.004948922695433344,trailing_stop,06cf8b1aeb7d1b77,NVDA_1h_artifacts/xgb_prob_nvda_1h_v1.pkl,backtest,backtest
2025-03-20 15:30:00+00:00,2025-03-20 16:30:00+00:00,NVDA,LONG,1.0,118.29000091552734,117.8917236693339,33.68880130897437,0.0017748056917656907,stop_loss,06cf8b1aeb7d1b77,NVDA_1h_artifacts/xgb_prob_nvda_1h_v1.pkl,backtest,backtest
2025-03-20 19:30:00+00:00,2025-03-21 13:30:00+00:00,NVDA,LONG,1.0,118.47000122070312,115.89508878849753,-350.32147764877567,-0.018423066223937856,stop_loss,06cf8b1aeb7d1b77,NVDA_1h_artifacts/xgb_prob_nvda_1h_v1.pkl,backtest,backtest
2025-03-21 15:30:00+00:00,2025-03-21 16:30:00+00:00,NVDA,LONG,1.0,117.3499984741211,117.92555513433625,59.12147396992474,0.0031674958745531168,trailing_stop,06cf8b1aeb7d1b77,NVDA_1h_artifacts/xgb_prob_nvda_1h_v1.pkl,backtest,backtest
2025-03-21 19:30:00+00:00,2025-03-24 13:30:00+00:00,NVDA,LONG,1.0,117.63500213623048,121.01226084641718,471.7971100600878,0.025197220083830185,trailing_stop,06cf8b1aeb7d1b77,NVDA_1h_artifacts/xgb_prob_nvda_1h_v1.pkl,backtest,backtest
2025-03-24 14:30:00+00:00,2025-03-24 15:30:00+00:00,NVDA,LONG,1.0,122.04000091552734,122.15606576759218,-0.8100980957764794,-4.220146664268842e-05,trailing_stop,06cf8b1aeb7d1b77,NVDA_1h_artifacts/xgb_prob_nvda_1h_v1.pkl,backtest,backtest
2025-03-24 19:30:00+00:00,2025-03-25 13:30:00+00:00,NVDA,LONG,1.0,121.2300033569336,120.0684838171887,-202.9224334477132,-0.010571541599225576,stop_loss,06cf8b1aeb7d1b77,NVDA_1h_artifacts/xgb_prob_nvda_1h_v1.pkl,backtest,backtest
2025-03-25 15:30:00+00:00,2025-03-25 16:30:00+00:00,NVDA,LONG,1.0,120.6602020263672,121.35659615244943,90.5124411306024,0.004765759714243867,trailing_stop,06cf8b1aeb7d1b77,NVDA_1h_artifacts/xgb_prob_nvda_1h_v1.pkl,backtest,backtest
2025-03-25 19:30:00+00:00,2025-03-26 13:30:00+00:00,NVDA,LONG,1.0,120.6449966430664,114.50306211451353,951.4323977393374,0.049858243315115125,stop_loss,06cf8b1aeb7d1b77,NVDA_1h_artifacts/xgb_prob_nvda_1h_v1.pkl,backtest,backtest
2025-03-26 14:30:00+00:00,2025-03-26 15:30:00+00:00,NVDA,LONG,1.0,115.16500091552734,113.6288720015126,217.29724832884463,0.010846324691544007,stop_loss,06cf8b1aeb7d1b77,NVDA_1h_artifacts/xgb_prob_nvda_1h_v1.pkl,backtest,backtest
2025-03-27 15:30:00+00:00,2025-03-27 16:30:00+00:00,NVDA,LONG,1.0,112.50499725341795,111.73748440010979,-137.55817556728223,-0.006792499969095145,stop_loss,06cf8b1aeb7d1b77,NVDA_1h_artifacts/xgb_prob_nvda_1h_v1.pkl,backtest,backtest
2025-03-27 19:30:00+00:00,2025-03-28 13:30:00+00:00,NVDA,LONG,1.0,111.43000030517578,109.77786180947666,-278.48689203588754,-0.013845479660597904,stop_loss,06cf8b1aeb7d1b77,NVDA_1h_artifacts/xgb_prob_nvda_1h_v1.pkl,backtest,backtest
2025-03-28 19:30:00+00:00,2025-03-31 13:30:00+00:00,NVDA,LONG,1.0,109.63999938964844,103.70253681343785,991.6556298923231,0.049994146628739466,stop_loss,06cf8b1aeb7d1b77,NVDA_1h_artifacts/xgb_prob_nvda_1h_v1.pkl,backtest,backtest
2025-03-31 14:30:00+00:00,2025-03-31 15:30:00+00:00,NVDA,LONG,1.0,105.1895980834961,105.9446407475512,91.9549045480867,0.004415158487093063,trailing_stop,06cf8b1aeb7d1b77,NVDA_1h_artifacts/xgb_prob_nvda_1h_v1.pkl,backtest,backtest
2025-04-01 13:30:00+00:00,2025-04-01 14:30:00+00:00,NVDA,LONG,1.0,107.12999725341795,107.14020385102243,-17.19744559225419,-0.0008220951489443795,stop_loss,06cf8b1aeb7d1b77,NVDA_1h_artifacts/xgb_prob_nvda_1h_v1.pkl,backtest,backtest
2025-04-02 15:30:00+00:00,2025-04-02 16:30:00+00:00,NVDA,LONG,1.0,111.15239715576172,111.9113659083716,87.89942724433733,0.004205342427699765,trailing_stop,06cf8b1aeb7d1b77,NVDA_1h_artifacts/xgb_prob_nvda_1h_v1.pkl,backtest,backtest
2025-04-02 17:30:00+00:00,2025-04-02 18:30:00+00:00,NVDA,LONG,1.0,109.3249969482422,108.91888631264796,41.3628069979976,0.00197061958914424,stop_loss,06cf8b1aeb7d1b77,NVDA_1h_artifacts/xgb_prob_nvda_1h_v1.pkl,backtest,backtest
2025-04-02 19:30:00+00:00,2025-04-03 13:30:00+00:00,NVDA,LONG,1.0,110.37999725341795,107.43248016673327,-431.8333383643742,-0.02053307401644866,stop_loss,06cf8b1aeb7d1b77,NVDA_1h_artifacts/xgb_prob_nvda_1h_v1.pkl,backtest,backtest
2025-04-03 14:30:00+00:00,2025-04-03 15:30:00+00:00,NVDA,LONG,1.0,102.96990203857422,102.97030001508367,-11.47122801263788,-0.0005568752825025891,stop_loss,06cf8b1aeb7d1b77,NVDA_1h_artifacts/xgb_prob_nvda_1h_v1.pkl,backtest,backtest
2025-04-03 19:30:00+00:00,2025-04-04 13:30:00+00:00,NVDA,LONG,1.0,102.01000213623048,100.08771540095528,-247.72306125861593,-0.0120325141990838,stop_loss,06cf8b1aeb7d1b77,NVDA_1h_artifacts/xgb_prob_nvda_1h_v1.pkl,backtest,backtest
2025-04-04 16:30:00+00:00,2025-04-04 17:30:00+00:00,NVDA,LONG,1.0,94.10009765625,96.03845228266847,183.97666897227094,0.00904503067225626,trailing_stop,06cf8b1aeb7d1b77,NVDA_1h_artifacts/xgb_prob_nvda_1h_v1.pkl,backtest,backtest
2025-04-04 18:30:00+00:00,2025-04-04 19:30:00+00:00,NVDA,LONG,1.0,95.16500091552734,96.28837906827236,102.34223463572877,0.004986451968816086,trailing_stop,06cf8b1aeb7d1b77,NVDA_1h_artifacts/xgb_prob_nvda_1h_v1.pkl,backtest,backtest
2025-04-07 13:30:00+00:00,2025-04-07 14:30:00+00:00,NVDA,LONG,1.0,93.61000061035156,98.15329611248814,328.33146901120915,0.015918020043892867,trailing_stop,06cf8b1aeb7d1b77,NVDA_1h_artifacts/xgb_prob_nvda_1h_v1.pkl,backtest,backtest
2025-04-07 15:30:00+00:00,2025-04-07 16:30:00+00:00,NVDA,LONG,1.0,95.87000274658205,98.18422300465143,150.8165071079113,0.007197252711980573,trailing_stop,06cf8b1aeb7d1b77,NVDA_1h_artifacts/xgb_prob_nvda_1h_v1.pkl,backtest,backtest
2025-04-08 14:30:00+00:00,2025-04-08 15:30:00+00:00,NVDA,LONG,1.0,102.05999755859376,101.08985545727111,60.46903854079739,0.0028650777009635586,stop_loss,06cf8b1aeb7d1b77,NVDA_1h_artifacts/xgb_prob_nvda_1h_v1.pkl,backtest,backtest
2025-04-08 18:30:00+00:00,2025-04-08 19:30:00+00:00,NVDA,LONG,1.0,96.31999969482422,94.60131373909088,112.84131618497922,0.005331249109451708,stop_loss,06cf8b1aeb7d1b77,NVDA_1h_artifacts/xgb_prob_nvda_1h_v1.pkl,backtest,backtest
2025-04-09 16:30:00+00:00,2025-04-09 17:30:00+00:00,NVDA,LONG,1.0,106.47000122070312,104.57398550483397,103.8790898526785,0.0048817977914041855,stop_loss,06cf8b1aeb7d1b77,NVDA_1h_artifacts/xgb_prob_nvda_1h_v1.pkl,backtest,backtest
2025-04-09 19:30:00+00:00,2025-04-10 13:30:00+00:00,NVDA,LONG,1.0,114.25,107.27328637706198,-406.87655222234685,-0.019028271257214402,stop_loss,06cf8b1aeb7d1b77,NVDA_1h_artifacts/xgb_prob_nvda_1h_v1.pkl,backtest,backtest
2025-04-10 19:30:00+00:00,2025-04-11 13:30:00+00:00,NVDA,LONG,1.0,107.6999969482422,110.53222426383357,161.03811364476778,0.007677306062727318,trailing_stop,06cf8b1aeb7d1b77,NVDA_1h_artifacts/xgb_prob_nvda_1h_v1.pkl,backtest,backtest
2025-04-11 19:30:00+00:00,2025-04-14 13:30:00+00:00,NVDA,LONG,1.0,110.69000244140624,114.16797806264238,260.9929479186533,0.012347739956185544,trailing_stop,06cf8b1aeb7d1b77,NVDA_1h_artifacts/xgb_prob_nvda_1h_v1.pkl,backtest,backtest
2025-04-16 13:30:00+00:00,2025-04-16 14:30:00+00:00,NVDA,LONG,1.0,105.5199966430664,103.89468005854938,164.11481206129395,0.007669671516210563,stop_loss,06cf8b1aeb7d1b77,NVDA_1h_artifacts/xgb_prob_nvda_1h_v1.pkl,backtest,backtest
2025-04-16 16:30:00+00:00,2025-04-16 17:30:00+00:00,NVDA,LONG,1.0,103.93499755859376,101.83210675341462,215.79320340731036,0.010008029084507264,stop_loss,06cf8b1aeb7d1b77,NVDA_1h_artifacts/xgb_prob_nvda_1h_v1.pkl,backtest,backtest
2025-04-16 19:30:00+00:00,2025-04-17 13:30:00+00:00,NVDA,LONG,1.0,104.5,104.38024291215825,-23.659587870651883,-0.0010864084773971605,trailing_stop,06cf8b1aeb7d1b77,NVDA_1h_artifacts/xgb_prob_nvda_1h_v1.pkl,backtest,backtest
2025-04-17 19:30:00+00:00,2025-04-21 13:30:00+00:00,NVDA,LONG,1.0,101.41000366210938,98.61316265162728,-362.58440324620415,-0.016667373472276092,stop_loss,06cf8b1aeb7d1b77,NVDA_1h_artifacts/xgb_prob_nvda_1h_v1.pkl,backtest,backtest
2025-04-21 19:30:00+00:00,2025-04-22 13:30:00+00:00,NVDA,LONG,1.0,96.8000030517578,99.30900727617849,322.8012612919147,0.015090124470710009,trailing_stop,06cf8b1aeb7d1b77,NVDA_1h_artifacts/xgb_prob_nvda_1h_v1.pkl,backtest,backtest
2025-04-23 13:30:00+00:00,2025-04-23 14:30:00+00:00,NVDA,LONG,1.0,104.18499755859376,101.47011837515144,311.4001060341924,0.014340746289769335,stop_loss,06cf8b1aeb7d1b77,NVDA_1h_artifacts/xgb_prob_nvda_1h_v1.pkl,backtest,backtest
2025-04-24 13:30:00+00:00,2025-04-24 14:30:00+00:00,NVDA,LONG,1.0,105.3686981201172,105.91112684397876,62.00143308716131,0.0028149510855819404,trailing_stop,06cf8b1aeb7d1b77,NVDA_1h_artifacts/xgb_prob_nvda_1h_v1.pkl,backtest,backtest
2025-04-24 19:30:00+00:00,2025-04-25 13:30:00+00:00,NVDA,LONG,1.0,106.37999725341795,108.03481433665672,233.63188708153314,0.01057743685695356,trailing_stop,06cf8b1aeb7d1b77,NVDA_1h_artifacts/xgb_prob_nvda_1h_v1.pkl,backtest,backtest
2025-04-25 15:30:00+00:00,2025-04-25 16:30:00+00:00,NVDA,LONG,1.0,109.4749984741211,111.86187456707647,390.29453865349484,0.017485224040520553,trailing_stop,06cf8b1aeb7d1b77,NVDA_1h_artifacts/xgb_prob_nvda_1h_v1.pkl,backtest,backtest
2025-04-25 18:30:00+00:00,2025-04-25 19:30:00+00:00,NVDA,LONG,1.0,110.73500061035156,110.26222784426797,60.003893947438755,0.00264198319447706,stop_loss,06cf8b1aeb7d1b77,NVDA_1h_artifacts/xgb_prob_nvda_1h_v1.pkl,backtest,backtest
2025-04-28 13:30:00+00:00,2025-04-28 14:30:00+00:00,NVDA,LONG,1.0,108.52519989013672,106.44694772117421,329.6614419629917,0.01447681032143966,stop_loss,06cf8b1aeb7d1b77,NVDA_1h_artifacts/xgb_prob_nvda_1h_v1.pkl,backtest,backtest
2025-04-28 18:30:00+00:00,2025-04-28 19:30:00+00:00,NVDA,LONG,1.0,108.19000244140624,108.79033666187088,84.96293350238678,0.003677833844978773,trailing_stop,06cf8b1aeb7d1b77,NVDA_1h_artifacts/xgb_prob_nvda_1h_v1.pkl,backtest,backtest
2025-04-29 16:30:00+00:00,2025-04-29 17:30:00+00:00,NVDA,LONG,1.0,108.73500061035156,110.14024280554563,226.3638496898626,0.009762821402391264,trailing_stop,06cf8b1aeb7d1b77,NVDA_1h_artifacts/xgb_prob_nvda_1h_v1.pkl,backtest,backtest
2025-04-29 19:30:00+00:00,2025-04-30 13:30:00+00:00,NVDA,LONG,1.0,108.91999816894533,104.1319635098812,951.9904405827486,0.040661321058899524,stop_loss,06cf8b1aeb7d1b77,NVDA_1h_artifacts/xgb_prob_nvda_1h_v1.pkl,backtest,backtest
2025-04-30 16:30:00+00:00,2025-04-30 17:30:00+00:00,NVDA,LONG,1.0,106.47000122070312,107.71346895221133,219.46945765375807,0.00900769296188697,trailing_stop,06cf8b1aeb7d1b77,NVDA_1h_artifacts/xgb_prob_nvda_1h_v1.pkl,backtest,backtest
2025-04-30 18:30:00+00:00,2025-04-30 19:30:00+00:00,NVDA,LONG,1.0,107.25499725341795,108.82544634298273,296.28663017795213,0.012051942777757008,trailing_stop,06cf8b1aeb7d1b77,NVDA_1h_artifacts/xgb_prob_nvda_1h_v1.pkl,backtest,backtest
2025-05-01 13:30:00+00:00,2025-05-01 14:30:00+00:00,NVDA,LONG,1.0,113.33000183105467,110.99411782972341,358.48400597712924,0.014408274955821865,stop_loss,06cf8b1aeb7d1b77,NVDA_1h_artifacts/xgb_prob_nvda_1h_v1.pkl,backtest,backtest
2025-05-01 18:30:00+00:00,2025-05-01 19:30:00+00:00,NVDA,LONG,1.0,113.0,111.4891752911524,-297.4311347928799,-0.01178462719791007,stop_loss,06cf8b1aeb7d1b77,NVDA_1h_artifacts/xgb_prob_nvda_1h_v1.pkl,backtest,backtest
2025-05-02 13:30:00+00:00,2025-05-02 14:30:00+00:00,NVDA,LONG,1.0,113.90499877929688,114.73345445122662,117.89565857001918,0.004726891432308866,trailing_stop,06cf8b1aeb7d1b77,NVDA_1h_artifacts/xgb_prob_nvda_1h_v1.pkl,backtest,backtest
2025-05-02 19:30:00+00:00,2025-05-05 13:30:00+00:00,NVDA,LONG,1.0,114.38999938964844,112.82470995285584,298.9436547387274,0.011929414480080336,stop_loss,06cf8b1aeb7d1b77,NVDA_1h_artifacts/xgb_prob_nvda_1h_v1.pkl,backtest,backtest
2025-05-05 19:30:00+00:00,2025-05-06 13:30:00+00:00,NVDA,LONG,1.0,113.80999755859376,110.86824726209927,629.4456645691555,0.02482205965416151,stop_loss,06cf8b1aeb7d1b77,NVDA_1h_artifacts/xgb_prob_nvda_1h_v1.pkl,backtest,backtest
2025-05-06 17:30:00+00:00,2025-05-06 18:30:00+00:00,NVDA,LONG,1.0,113.68000030517578,114.28522329107204,-164.2061220363126,-0.006318593959247609,stop_loss,06cf8b1aeb7d1b77,NVDA_1h_artifacts/xgb_prob_nvda_1h_v1.pkl,backtest,backtest
2025-05-06 19:30:00+00:00,2025-05-07 13:30:00+00:00,NVDA,LONG,1.0,113.44499969482422,112.66123665642262,152.40650947495288,0.005901840340865494,stop_loss,06cf8b1aeb7d1b77,NVDA_1h_artifacts/xgb_prob_nvda_1h_v1.pkl,backtest,backtest
2025-05-07 19:30:00+00:00,2025-05-08 13:30:00+00:00,NVDA,LONG,1.0,117.0199966430664,118.53645093801424,295.31604861076926,0.011368819885198223,trailing_stop,06cf8b1aeb7d1b77,NVDA_1h_artifacts/xgb_prob_nvda_1h_v1.pkl,backtest,backtest
2025-05-08 19:30:00+00:00,2025-05-09 13:30:00+00:00,NVDA,LONG,1.0,117.37000274658205,116.86005373833453,-140.3005504674331,-0.005340453670596101,stop_loss,06cf8b1aeb7d1b77,NVDA_1h_artifacts/xgb_prob_nvda_1h_v1.pkl,backtest,backtest
2025-05-09 19:30:00+00:00,2025-05-12 13:30:00+00:00,NVDA,LONG,1.0,116.62069702148438,118.0460082402455,-345.17839902596376,-0.013209547223680729,stop_loss,06cf8b1aeb7d1b77,NVDA_1h_artifacts/xgb_prob_nvda_1h_v1.pkl,backtest,backtest
2025-05-12 19:30:00+00:00,2025-05-13 13:30:00+00:00,NVDA,LONG,1.0,122.98999786376952,124.41073461171293,-323.3563351794069,-0.012540092981931705,stop_loss,06cf8b1aeb7d1b77,NVDA_1h_artifacts/xgb_prob_nvda_1h_v1.pkl,backtest,backtest
2025-05-13 15:30:00+00:00,2025-05-13 16:30:00+00:00,NVDA,LONG,1.0,130.4600067138672,130.92536121060587,58.719567585271044,0.002306124554841027,trailing_stop,06cf8b1aeb7d1b77,NVDA_1h_artifacts/xgb_prob_nvda_1h_v1.pkl,backtest,backtest
2025-05-13 19:30:00+00:00,2025-05-14 13:30:00+00:00,NVDA,LONG,1.0,129.83999633789062,132.4111857989549,-527.8438522127617,-0.02068259343142198,stop_loss,06cf8b1aeb7d1b77,NVDA_1h_artifacts/xgb_prob_nvda_1h_v1.pkl,backtest,backtest
2025-05-14 14:30:00+00:00,2025-05-14 15:30:00+00:00,NVDA,LONG,1.0,134.15499877929688,135.04295427536582,124.90943245523151,0.004997712722224046,trailing_stop,06cf8b1aeb7d1b77,NVDA_1h_artifacts/xgb_prob_nvda_1h_v1.pkl,backtest,backtest
2025-05-14 19:30:00+00:00,2025-05-15 13:30:00+00:00,NVDA,LONG,1.0,135.34710693359375,132.7193209726903,462.0685778108208,0.018395746495198928,stop_loss,06cf8b1aeb7d1b77,NVDA_1h_artifacts/xgb_prob_nvda_1h_v1.pkl,backtest,backtest
2025-05-15 14:30:00+00:00,2025-05-15 15:30:00+00:00,NVDA,LONG,1.0,134.38499450683594,135.18730697180354,121.48159571615726,0.004749029761226042,trailing_stop,06cf8b1aeb7d1b77,NVDA_1h_artifacts/xgb_prob_nvda_1h_v1.pkl,backtest,backtest
2025-05-19 14:30:00+00:00,2025-05-19 15:30:00+00:00,NVDA,LONG,1.0,134.9250030517578,133.37073868500974,-321.476555546703,-0.01250794935899091,stop_loss,06cf8b1aeb7d1b77,NVDA_1h_artifacts/xgb_prob_nvda_1h_v1.pkl,backtest,backtest
2025-05-19 16:30:00+00:00,2025-05-19 17:30:00+00:00,NVDA,LONG,1.0,135.27499389648438,133.23319182476706,-408.0802531294933,-0.016078620304403546,stop_loss,06cf8b1aeb7d1b77,NVDA_1h_artifacts/xgb_prob_nvda_1h_v1.pkl,backtest,backtest
2025-05-19 19:30:00+00:00,2025-05-20 13:30:00+00:00,NVDA,LONG,1.0,135.49000549316406,133.09105989443103,-466.6807923913694,-0.018687995837118998,stop_loss,06cf8b1aeb7d1b77,NVDA_1h_artifacts/xgb_prob_nvda_1h_v1.pkl,backtest,backtest
2025-05-21 14:30:00+00:00,2025-05-21 15:30:00+00:00,NVDA,LONG,1.0,135.87579345703125,135.88338309924552,-25.872984121118535,-0.001055801349005292,stop_loss,06cf8b1aeb7d1b77,NVDA_1h_artifacts/xgb_prob_nvda_1h_v1.pkl,backtest,backtest
2025-05-21 16:30:00+00:00,2025-05-21 17:30:00+00:00,NVDA,LONG,1.0,133.21499633789062,134.991617559326,296.32423791032534,0.012104912030819204,stop_loss,06cf8b1aeb7d1b77,NVDA_1h_artifacts/xgb_prob_nvda_1h_v1.pkl,backtest,backtest
2025-05-21 18:30:00+00:00,2025-05-21 19:30:00+00:00,NVDA,LONG,1.0,131.07870483398438,131.1371171073738,-31.896284227483218,-0.0012873867102302095,stop_loss,06cf8b1aeb7d1b77,NVDA_1h_artifacts/xgb_prob_nvda_1h_v1.pkl,backtest,backtest
2025-05-22 13:30:00+00:00,2025-05-22 14:30:00+00:00,NVDA,LONG,1.0,133.0399932861328,133.43199636665224,41.929423413398524,0.0016945222836304286,trailing_stop,06cf8b1aeb7d1b77,NVDA_1h_artifacts/xgb_prob_nvda_1h_v1.pkl,backtest,backtest
2025-05-23 16:30:00+00:00,2025-05-23 17:30:00+00:00,NVDA,LONG,1.0,131.9499969482422,132.62071493669475,100.52789182842133,0.004055829318031945,trailing_stop,06cf8b1aeb7d1b77,NVDA_1h_artifacts/xgb_prob_nvda_1h_v1.pkl,backtest,backtest
2025-05-23 19:30:00+00:00,2025-05-27 13:30:00+00:00,NVDA,LONG,1.0,131.30999755859375,135.34429110667406,738.9491544783821,0.02969270679663083,trailing_stop,06cf8b1aeb7d1b77,NVDA_1h_artifacts/xgb_prob_nvda_1h_v1.pkl,backtest,backtest
2025-05-28 16:30:00+00:00,2025-05-28 17:30:00+00:00,NVDA,LONG,1.0,136.4499969482422,137.20394891640592,115.82615416912031,0.0045199562699975715,trailing_stop,06cf8b1aeb7d1b77,NVDA_1h_artifacts/xgb_prob_nvda_1h_v1.pkl,backtest,backtest
2025-05-28 18:30:00+00:00,2025-05-28 19:30:00+00:00,NVDA,LONG,1.0,136.8300018310547,135.19416212052514,-333.1781460502951,-0.01294331542023075,stop_loss,06cf8b1aeb7d1b77,NVDA_1h_artifacts/xgb_prob_nvda_1h_v1.pkl,backtest,backtest
2025-05-29 13:30:00+00:00,2025-05-29 14:30:00+00:00,NVDA,LONG,1.0,140.61929321289062,141.8723739585304,180.12923897305794,0.0070894272083725784,trailing_stop,06cf8b1aeb7d1b77,NVDA_1h_artifacts/xgb_prob_nvda_1h_v1.pkl,backtest,backtest
2025-05-29 16:30:00+00:00,2025-05-29 17:30:00+00:00,NVDA,LONG,1.0,139.875,137.97647583783814,305.8438326100936,0.011952496473018215,stop_loss,06cf8b1aeb7d1b77,NVDA_1h_artifacts/xgb_prob_nvda_1h_v1.pkl,backtest,backtest
2025-05-30 13:30:00+00:00,2025-05-30 14:30:00+00:00,NVDA,LONG,1.0,137.36000061035156,136.85702522293187,-108.4093400710924,-0.004186638583115965,stop_loss,06cf8b1aeb7d1b77,NVDA_1h_artifacts/xgb_prob_nvda_1h_v1.pkl,backtest,backtest
2025-06-02 19:30:00+00:00,2025-06-03 13:30:00+00:00,NVDA,LONG,1.0,137.3699951171875,139.56595188208306,-437.57644809798416,-0.016969723273697612,stop_loss,06cf8b1aeb7d1b77,NVDA_1h_artifacts/xgb_prob_nvda_1h_v1.pkl,backtest,backtest
2025-06-05 13:30:00+00:00,2025-06-05 14:30:00+00:00,NVDA,LONG,1.0,141.97830200195312,143.1987759389502,192.3316426838662,0.007587604203375342,trailing_stop,06cf8b1aeb7d1b77,NVDA_1h_artifacts/xgb_prob_nvda_1h_v1.pkl,backtest,backtest
2025-06-05 15:30:00+00:00,2025-06-05 16:30:00+00:00,NVDA,LONG,1.0,143.0050048828125,140.83370779652327,361.8620030880054,0.01416818093870531,stop_loss,06cf8b1aeb7d1b77,NVDA_1h_artifacts/xgb_prob_nvda_1h_v1.pkl,backtest,backtest
2025-06-05 17:30:00+00:00,2025-06-05 18:30:00+00:00,NVDA,LONG,1.0,140.71499633789062,138.88781988205022,310.1016805596387,0.011971959825813228,stop_loss,06cf8b1aeb7d1b77,NVDA_1h_artifacts/xgb_prob_nvda_1h_v1.pkl,backtest,backtest
2025-06-06 19:30:00+00:00,2025-06-09 13:30:00+00:00,NVDA,LONG,1.0,141.69000244140625,143.85364271675746,-426.08230767421986,-0.016254969283875154,stop_loss,06cf8b1aeb7d1b77,NVDA_1h_artifacts/xgb_prob_nvda_1h_v1.pkl,backtest,backtest
2025-06-09 14:30:00+00:00,2025-06-09 15:30:00+00:00,NVDA,LONG,1.0,143.1800994873047,141.99922880005062,186.67261773652072,0.007239202380715071,stop_loss,06cf8b1aeb7d1b77,NVDA_1h_artifacts/xgb_prob_nvda_1h_v1.pkl,backtest,backtest
2025-06-10 17:30:00+00:00,2025-06-10 18:30:00+00:00,NVDA,LONG,1.0,143.11990356445312,144.23924928102915,176.95976057924932,0.0068132135573713,trailing_stop,06cf8b1aeb7d1b77,NVDA_1h_artifacts/xgb_prob_nvda_1h_v1.pkl,backtest,backtest
2025-06-11 14:30:00+00:00,2025-06-11 15:30:00+00:00,NVDA,LONG,1.0,144.1501007080078,142.82892111424846,-265.58288192965443,-0.010156139383066476,stop_loss,06cf8b1aeb7d1b77,NVDA_1h_artifacts/xgb_prob_nvda_1h_v1.pkl,backtest,backtest
2025-06-11 19:30:00+00:00,2025-06-12 13:30:00+00:00,NVDA,LONG,1.0,142.83999633789062,144.13034751519012,207.7096082266896,0.008024508955271292,trailing_stop,06cf8b1aeb7d1b77,NVDA_1h_artifacts/xgb_prob_nvda_1h_v1.pkl,backtest,backtest
2025-06-12 19:30:00+00:00,2025-06-13 13:30:00+00:00,NVDA,LONG,1.0,145.0,143.02405760047884,-381.29867126117813,-0.01461356177325257,stop_loss,06cf8b1aeb7d1b77,NVDA_1h_artifacts/xgb_prob_nvda_1h_v1.pkl,backtest,backtest
2025-06-13 14:30:00+00:00,2025-06-13 15:30:00+00:00,NVDA,LONG,1.0,142.91650390625,143.31860844365906,46.55582937635131,0.0018107490869996301,trailing_stop,06cf8b1aeb7d1b77,NVDA_1h_artifacts/xgb_prob_nvda_1h_v1.pkl,backtest,backtest
2025-06-13 17:30:00+00:00,2025-06-13 18:30:00+00:00,NVDA,LONG,1.0,141.60000610351562,141.47433400019202,-48.59455336868683,-0.0018866273009091605,stop_loss,06cf8b1aeb7d1b77,NVDA_1h_artifacts/xgb_prob_nvda_1h_v1.pkl,backtest,backtest
2025-06-13 19:30:00+00:00,2025-06-16 13:30:00+00:00,NVDA,LONG,1.0,141.9600067138672,144.84379266514037,496.01887625962246,0.019293759010089673,trailing_stop,06cf8b1aeb7d1b77,NVDA_1h_artifacts/xgb_prob_nvda_1h_v1.pkl,backtest,backtest
2025-06-16 19:30:00+00:00,2025-06-17 13:30:00+00:00,NVDA,LONG,1.0,144.6699981689453,144.02566838349213,-142.7987217851415,-0.005449336170696872,stop_loss,06cf8b1aeb7d1b77,NVDA_1h_artifacts/xgb_prob_nvda_1h_v1.pkl,backtest,backtest
2025-06-17 19:30:00+00:00,2025-06-18 13:30:00+00:00,NVDA,LONG,1.0,144.0399932861328,143.16065787620875,132.88217151493333,0.005098695608581005,stop_loss,06cf8b1aeb7d1b77,NVDA_1h_artifacts/xgb_prob_nvda_1h_v1.pkl,backtest,backtest
2025-06-20 13:30:00+00:00,2025-06-20 14:30:00+00:00,NVDA,LONG,1.0,144.625,143.97352650899862,-144.0735397132918,-0.005500065808196175,stop_loss,06cf8b1aeb7d1b77,NVDA_1h_artifacts/xgb_prob_nvda_1h_v1.pkl,backtest,backtest
2025-06-20 19:30:00+00:00,2025-06-23 13:30:00+00:00,NVDA,LONG,1.0,143.77999877929688,142.36380127146072,230.28657590868823,0.008839903479899158,stop_loss,06cf8b1aeb7d1b77,NVDA_1h_artifacts/xgb_prob_nvda_1h_v1.pkl,backtest,backtest
2025-06-23 15:30:00+00:00,2025-06-23 16:30:00+00:00,NVDA,LONG,1.0,142.92999267578125,142.13743358178715,-171.86625313671158,-0.00653954086247055,stop_loss,06cf8b1aeb7d1b77,NVDA_1h_artifacts/xgb_prob_nvda_1h_v1.pkl,backtest,backtest
2025-06-24 19:30:00+00:00,2025-06-25 13:30:00+00:00,NVDA,LONG,1.0,147.8300018310547,152.5192017793513,801.25282477933,0.030688498209598514,trailing_stop,06cf8b1aeb7d1b77,NVDA_1h_artifacts/xgb_prob_nvda_1h_v1.pkl,backtest,backtest
2025-06-25 16:30:00+00:00,2025-06-25 17:30:00+00:00,NVDA,LONG,1.0,153.89999389648438,153.9580283237233,-16.772903135372413,-0.0006232852819298973,trailing_stop,06cf8b1aeb7d1b77,NVDA_1h_artifacts/xgb_prob_nvda_1h_v1.pkl,backtest,backtest
2025-06-25 19:30:00+00:00,2025-06-26 13:30:00+00:00,NVDA,LONG,1.0,154.30999755859375,156.4406050673732,344.06492045512925,0.012793512636551263,trailing_stop,06cf8b1aeb7d1b77,NVDA_1h_artifacts/xgb_prob_nvda_1h_v1.pkl,backtest,backtest
2025-06-26 19:30:00+00:00,2025-06-27 13:30:00+00:00,NVDA,LONG,1.0,155.0800018310547,157.03847255987324,-370.87347046796214,-0.013616148020304975,stop_loss,06cf8b1aeb7d1b77,NVDA_1h_artifacts/xgb_prob_nvda_1h_v1.pkl,backtest,backtest
2025-06-27 14:30:00+00:00,2025-06-27 15:30:00+00:00,NVDA,LONG,1.0,157.91009521484375,158.65977068554182,100.55567382268656,0.003742735378687634,trailing_stop,06cf8b1aeb7d1b77,NVDA_1h_artifacts/xgb_prob_nvda_1h_v1.pkl,backtest,backtest
2025-06-27 16:30:00+00:00,2025-06-27 17:30:00+00:00,NVDA,LONG,1.0,157.48500061035156,156.31933321937592,172.43974003303856,0.006394365933717783,stop_loss,06cf8b1aeb7d1b77,NVDA_1h_artifacts/xgb_prob_nvda_1h_v1.pkl,backtest,backtest
2025-06-30 19:30:00+00:00,2025-07-01 13:30:00+00:00,NVDA,LONG,1.0,157.8699951171875,154.43680748956473,562.4791537203713,0.0207251824037189,stop_loss,06cf8b1aeb7d1b77,NVDA_1h_artifacts/xgb_prob_nvda_1h_v1.pkl,backtest,backtest
2025-07-01 14:30:00+00:00,2025-07-01 15:30:00+00:00,NVDA,LONG,1.0,152.88499450683594,152.6766177365481,-65.42194658338502,-0.002361601210040365,stop_loss,06cf8b1aeb7d1b77,NVDA_1h_artifacts/xgb_prob_nvda_1h_v1.pkl,backtest,backtest
2025-07-01 16:30:00+00:00,2025-07-01 17:30:00+00:00,NVDA,LONG,1.0,154.27499389648438,154.82153948805757,70.17376149892223,0.0025391286182645523,trailing_stop,06cf8b1aeb7d1b77,NVDA_1h_artifacts/xgb_prob_nvda_1h_v1.pkl,backtest,backtest
2025-07-01 19:30:00+00:00,2025-07-02 13:30:00+00:00,NVDA,LONG,1.0,153.27999877929688,156.10252266897854,481.98628508134067,0.01739575540349514,trailing_stop,06cf8b1aeb7d1b77,NVDA_1h_artifacts/xgb_prob_nvda_1h_v1.pkl,backtest,backtest
2025-07-02 19:30:00+00:00,2025-07-03 13:30:00+00:00,NVDA,LONG,1.0,157.24000549316406,160.9279146960211,632.2974272232353,0.022430559431100727,trailing_stop,06cf8b1aeb7d1b77,NVDA_1h_artifacts/xgb_prob_nvda_1h_v1.pkl,backtest,backtest
2025-07-03 15:30:00+00:00,2025-07-07 13:30:00+00:00,NVDA,LONG,1.0,159.37969970703125,158.08676196947454,204.75298793131253,0.007104198980129928,stop_loss,06cf8b1aeb7d1b77,NVDA_1h_artifacts/xgb_prob_nvda_1h_v1.pkl,backtest,backtest
2025-07-07 19:30:00+00:00,2025-07-08 13:30:00+00:00,NVDA,LONG,1.0,158.24000549316406,159.5030915766886,-260.4838854326708,-0.0089741086554469,stop_loss,06cf8b1aeb7d1b77,NVDA_1h_artifacts/xgb_prob_nvda_1h_v1.pkl,backtest,backtest
2025-07-08 19:30:00+00:00,2025-07-09 13:30:00+00:00,NVDA,LONG,1.0,160.00010681152344,164.37752020001136,757.4420692291001,0.026331456598655656,trailing_stop,06cf8b1aeb7d1b77,NVDA_1h_artifacts/xgb_prob_nvda_1h_v1.pkl,backtest,backtest
2025-07-09 19:30:00+00:00,2025-07-10 13:30:00+00:00,NVDA,LONG,1.0,162.8300018310547,164.21968286581088,-281.23769390312805,-0.009526016938585125,stop_loss,06cf8b1aeb7d1b77,NVDA_1h_artifacts/xgb_prob_nvda_1h_v1.pkl,backtest,backtest
2025-07-10 15:30:00+00:00,2025-07-10 16:30:00+00:00,NVDA,LONG,1.0,163.2747039794922,163.61473684879152,31.59581529856414,0.0010804988657198145,trailing_stop,06cf8b1aeb7d1b77,NVDA_1h_artifacts/xgb_prob_nvda_1h_v1.pkl,backtest,backtest
2025-07-10 19:30:00+00:00,2025-07-11 13:30:00+00:00,NVDA,LONG,1.0,164.10499572753906,167.55227083861746,585.0454344702057,0.019985514918053227,trailing_stop,06cf8b1aeb7d1b77,NVDA_1h_artifacts/xgb_prob_nvda_1h_v1.pkl,backtest,backtest
2025-07-11 14:30:00+00:00,2025-07-11 15:30:00+00:00,NVDA,LONG,1.0,166.4949951171875,165.97990810880776,62.42266541581824,0.002090614952174219,stop_loss,06cf8b1aeb7d1b77,NVDA_1h_artifacts/xgb_prob_nvda_1h_v1.pkl,backtest,backtest
2025-07-11 17:30:00+00:00,2025-07-11 18:30:00+00:00,NVDA,LONG,1.0,165.68150329589844,164.8780693706109,115.02861137817904,0.0038444182084031997,stop_loss,06cf8b1aeb7d1b77,NVDA_1h_artifacts/xgb_prob_nvda_1h_v1.pkl,backtest,backtest
2025-07-11 19:30:00+00:00,2025-07-14 13:30:00+00:00,NVDA,LONG,1.0,164.8800048828125,163.59591281279876,-263.7233827160797,-0.008780251940527783,stop_loss,06cf8b1aeb7d1b77,NVDA_1h_artifacts/xgb_prob_nvda_1h_v1.pkl,backtest,backtest
2025-07-14 19:30:00+00:00,2025-07-15 13:30:00+00:00,NVDA,LONG,1.0,164.07000732421875,172.20472950288158,1444.8834128990443,0.04853121895353629,trailing_stop,06cf8b1aeb7d1b77,NVDA_1h_artifacts/xgb_prob_nvda_1h_v1.pkl,backtest,backtest
2025-07-16 15:30:00+00:00,2025-07-16 16:30:00+00:00,NVDA,LONG,1.0,170.39500427246094,171.36300954992404,145.94844059973536,0.004675267748104561,trailing_stop,06cf8b1aeb7d1b77,NVDA_1h_artifacts/xgb_prob_nvda_1h_v1.pkl,backtest,backtest
2025-07-16 19:30:00+00:00,2025-07-17 13:30:00+00:00,NVDA,LONG,1.0,171.33999633789062,172.70391031830297,-280.77223782778907,-0.00895231758815318,stop_loss,06cf8b1aeb7d1b77,NVDA_1h_artifacts/xgb_prob_nvda_1h_v1.pkl,backtest,backtest
2025-07-17 19:30:00+00:00,2025-07-18 13:30:00+00:00,NVDA,LONG,1.0,173.1114044189453,171.9815728451161,171.57709214543368,0.005520088875969442,stop_loss,06cf8b1aeb7d1b77,NVDA_1h_artifacts/xgb_prob_nvda_1h_v1.pkl,backtest,backtest
2025-07-18 19:30:00+00:00,2025-07-21 13:30:00+00:00,NVDA,LONG,1.0,172.38999938964844,173.33390089377986,139.70201258178778,0.004469908962038582,trailing_stop,06cf8b1aeb7d1b77,NVDA_1h_artifacts/xgb_prob_nvda_1h_v1.pkl,backtest,backtest
2025-07-21 14:30:00+00:00,2025-07-21 15:30:00+00:00,NVDA,LONG,1.0,172.6981964111328,171.6759252868325,-217.03920023946375,-0.006913488816899793,stop_loss,06cf8b1aeb7d1b77,NVDA_1h_artifacts/xgb_prob_nvda_1h_v1.pkl,backtest,backtest
2025-07-21 19:30:00+00:00,2025-07-22 13:30:00+00:00,NVDA,LONG,1.0,171.4600067138672,170.64575438676505,-179.08386297400116,-0.005744185483046782,stop_loss,06cf8b1aeb7d1b77,NVDA_1h_artifacts/xgb_prob_nvda_1h_v1.pkl,backtest,backtest
2025-07-22 14:30:00+00:00,2025-07-22 15:30:00+00:00,NVDA,LONG,1.0,167.86000061035156,168.5823007207302,102.25096377861344,0.0032986882380823257,trailing_stop,06cf8b1aeb7d1b77,NVDA_1h_artifacts/xgb_prob_nvda_1h_v1.pkl,backtest,backtest
2025-07-22 18:30:00+00:00,2025-07-22 19:30:00+00:00,NVDA,LONG,1.0,167.88499450683594,166.81454453317514,166.996587791553,0.005369714737332387,stop_loss,06cf8b1aeb7d1b77,NVDA_1h_artifacts/xgb_prob_nvda_1h_v1.pkl,backtest,backtest
2025-07-23 13:30:00+00:00,2025-07-23 14:30:00+00:00,NVDA,LONG,1.0,169.1300048828125,169.7426432469149,81.87720409611072,0.002618670301359982,trailing_stop,06cf8b1aeb7d1b77,NVDA_1h_artifacts/xgb_prob_nvda_1h_v1.pkl,backtest,backtest
2025-07-23 16:30:00+00:00,2025-07-23 17:30:00+00:00,NVDA,LONG,1.0,169.03500366210938,171.20333521459452,370.37977997903073,0.011814879604834294,trailing_stop,06cf8b1aeb7d1b77,NVDA_1h_artifacts/xgb_prob_nvda_1h_v1.pkl,backtest,backtest
2025-07-23 19:30:00+00:00,2025-07-24 13:30:00+00:00,NVDA,LONG,1.0,170.8300018310547,173.39731809062656,444.49238611616914,0.0140134573308075,trailing_stop,06cf8b1aeb7d1b77,NVDA_1h_artifacts/xgb_prob_nvda_1h_v1.pkl,backtest,backtest
2025-07-24 15:30:00+00:00,2025-07-24 16:30:00+00:00,NVDA,LONG,1.0,172.94500732421875,173.62442293186217,94.06454870272731,0.00292457812189606,trailing_stop,06cf8b1aeb7d1b77,NVDA_1h_artifacts/xgb_prob_nvda_1h_v1.pkl,backtest,backtest
2025-07-24 19:30:00+00:00,2025-07-25 13:30:00+00:00,NVDA,LONG,1.0,173.77999877929688,174.6719914803387,133.15105241692376,0.004127751839108296,trailing_stop,06cf8b1aeb7d1b77,NVDA_1h_artifacts/xgb_prob_nvda_1h_v1.pkl,backtest,backtest
2025-07-25 19:30:00+00:00,2025-07-28 13:30:00+00:00,NVDA,LONG,1.0,173.49000549316406,175.18389994672467,-348.3254031363103,-0.0107538792179801,stop_loss,06cf8b1aeb7d1b77,NVDA_1h_artifacts/xgb_prob_nvda_1h_v1.pkl,backtest,backtest
2025-07-28 17:30:00+00:00,2025-07-28 18:30:00+00:00,NVDA,LONG,1.0,175.47500610351562,176.23415702687706,106.44263836908273,0.003321936150785465,trailing_stop,06cf8b1aeb7d1b77,NVDA_1h_artifacts/xgb_prob_nvda_1h_v1.pkl,backtest,backtest
2025-07-28 19:30:00+00:00,2025-07-29 13:30:00+00:00,NVDA,LONG,1.0,176.75,179.34015787107268,438.50001115199785,0.013639704176529488,trailing_stop,06cf8b1aeb7d1b77,NVDA_1h_artifacts/xgb_prob_nvda_1h_v1.pkl,backtest,backtest
2025-07-29 14:30:00+00:00,2025-07-29 15:30:00+00:00,NVDA,LONG,1.0,175.85989379882812,175.21929315945943,85.99895389603131,0.0026390334652504066,stop_loss,06cf8b1aeb7d1b77,NVDA_1h_artifacts/xgb_prob_nvda_1h_v1.pkl,backtest,backtest
2025-07-29 19:30:00+00:00,2025-07-30 13:30:00+00:00,NVDA,LONG,1.0,175.50999450683594,178.69221523328378,559.1428621761902,0.01711314799851782,trailing_stop,06cf8b1aeb7d1b77,NVDA_1h_artifacts/xgb_prob_nvda_1h_v1.pkl,backtest,backtest
2025-07-30 16:30:00+00:00,2025-07-30 17:30:00+00:00,NVDA,LONG,1.0,179.00669860839844,179.63018125418566,82.40081364011343,0.002479529916944667,trailing_stop,06cf8b1aeb7d1b77,NVDA_1h_artifacts/xgb_prob_nvda_1h_v1.pkl,backtest,backtest
2025-07-30 19:30:00+00:00,2025-07-31 13:30:00+00:00,NVDA,LONG,1.0,179.2899932861328,183.24138925474836,700.1809974767655,0.021017093649767338,trailing_stop,06cf8b1aeb7d1b77,NVDA_1h_artifacts/xgb_prob_nvda_1h_v1.pkl,backtest,backtest
2025-08-01 13:30:00+00:00,2025-08-01 14:30:00+00:00,NVDA,LONG,1.0,174.97500610351562,175.18714789730973,7.183956625541125,0.00021119956912540871,stop_loss,06cf8b1aeb7d1b77,NVDA_1h_artifacts/xgb_prob_nvda_1h_v1.pkl,backtest,backtest
2025-08-01 19:30:00+00:00,2025-08-04 13:30:00+00:00,NVDA,LONG,1.0,173.58999633789062,178.01877428641845,798.9709535373,0.02348381249278164,trailing_stop,06cf8b1aeb7d1b77,NVDA_1h_artifacts/xgb_prob_nvda_1h_v1.pkl,backtest,backtest
2025-08-05 14:30:00+00:00,2025-08-05 15:30:00+00:00,NVDA,LONG,1.0,176.88499450683594,176.29204132561136,81.78949245830788,0.0023488438614869267,stop_loss,06cf8b1aeb7d1b77,NVDA_1h_artifacts/xgb_prob_nvda_1h_v1.pkl,backtest,backtest
2025-08-06 19:30:00+00:00,2025-08-07 13:30:00+00:00,NVDA,LONG,1.0,179.41000366210938,183.810910693417,820.4065211613246,0.02350535663862119,trailing_stop,06cf8b1aeb7d1b77,NVDA_1h_artifacts/xgb_prob_nvda_1h_v1.pkl,backtest,backtest
2025-08-07 15:30:00+00:00,2025-08-07 16:30:00+00:00,NVDA,LONG,1.0,181.1499938964844,179.48691811912147,291.91260805427504,0.008171475338469847,stop_loss,06cf8b1aeb7d1b77,NVDA_1h_artifacts/xgb_prob_nvda_1h_v1.pkl,backtest,backtest
2025-08-07 19:30:00+00:00,2025-08-08 13:30:00+00:00,NVDA,LONG,1.0,180.8699951171875,181.62196950566076,-185.60053708781695,-0.0051533832828272175,stop_loss,06cf8b1aeb7d1b77,NVDA_1h_artifacts/xgb_prob_nvda_1h_v1.pkl,backtest,backtest
2025-08-11 18:30:00+00:00,2025-08-11 19:30:00+00:00,NVDA,LONG,1.0,182.16000366210935,181.55485928936602,83.07922450710697,0.0023187264834050314,stop_loss,06cf8b1aeb7d1b77,NVDA_1h_artifacts/xgb_prob_nvda_1h_v1.pkl,backtest,backtest
2025-08-13 13:30:00+00:00,2025-08-13 14:30:00+00:00,NVDA,LONG,1.0,181.41099548339844,180.91462740398566,-134.077263170654,-0.0037334159652893106,stop_loss,06cf8b1aeb7d1b77,NVDA_1h_artifacts/xgb_prob_nvda_1h_v1.pkl,backtest,backtest
2025-08-14 13:30:00+00:00,2025-08-14 14:30:00+00:00,NVDA,LONG,1.0,182.5800018310547,182.96189476780714,38.98285748854439,0.0010895554824712494,trailing_stop,06cf8b1aeb7d1b77,NVDA_1h_artifacts/xgb_prob_nvda_1h_v1.pkl,backtest,backtest
2025-08-14 19:30:00+00:00,2025-08-15 13:30:00+00:00,NVDA,LONG,1.0,182.0,180.16682256012916,-396.226851668859,-0.011062331112257962,stop_loss,06cf8b1aeb7d1b77,NVDA_1h_artifacts/xgb_prob_nvda_1h_v1.pkl,backtest,backtest
2025-08-18 19:30:00+00:00,2025-08-19 13:30:00+00:00,NVDA,LONG,1.0,181.97999572753903,180.62339114076664,-299.213234887292,-0.008447236036947192,stop_loss,06cf8b1aeb7d1b77,NVDA_1h_artifacts/xgb_prob_nvda_1h_v1.pkl,backtest,backtest
2025-08-20 13:30:00+00:00,2025-08-20 14:30:00+00:00,NVDA,LONG,1.0,170.30999755859375,173.3160765659493,584.1872675704593,0.01663298086663989,stop_loss,06cf8b1aeb7d1b77,NVDA_1h_artifacts/xgb_prob_nvda_1h_v1.pkl,backtest,backtest
2025-08-20 18:30:00+00:00,2025-08-20 19:30:00+00:00,NVDA,LONG,1.0,174.5800018310547,175.45465656139604,143.00563992068632,0.004005041049641944,trailing_stop,06cf8b1aeb7d1b77,NVDA_1h_artifacts/xgb_prob_nvda_1h_v1.pkl,backtest,backtest
2025-08-21 15:30:00+00:00,2025-08-21 16:30:00+00:00,NVDA,LONG,1.0,174.22569274902344,173.95279222523808,-91.94643018044106,-0.0025647957483189154,stop_loss,06cf8b1aeb7d1b77,NVDA_1h_artifacts/xgb_prob_nvda_1h_v1.pkl,backtest,backtest
2025-08-21 19:30:00+00:00,2025-08-22 13:30:00+00:00,NVDA,LONG,1.0,174.9709930419922,177.79055146311777,539.8776850089614,0.015098319005530492,trailing_stop,06cf8b1aeb7d1b77,NVDA_1h_artifacts/xgb_prob_nvda_1h_v1.pkl,backtest,backtest
2025-08-22 14:30:00+00:00,2025-08-22 15:30:00+00:00,NVDA,LONG,1.0,178.1300048828125,178.5116355632225,41.38933552985692,0.00114028540548472,trailing_stop,06cf8b1aeb7d1b77,NVDA_1h_artifacts/xgb_prob_nvda_1h_v1.pkl,backtest,backtest
2025-08-25 13:30:00+00:00,2025-08-25 14:30:00+00:00,NVDA,LONG,1.0,178.99000549316406,180.33941662828278,-310.02362768090023,-0.008531491606301289,stop_loss,06cf8b1aeb7d1b77,NVDA_1h_artifacts/xgb_prob_nvda_1h_v1.pkl,backtest,backtest
2025-08-25 19:30:00+00:00,2025-08-26 13:30:00+00:00,NVDA,LONG,1.0,179.83999633789062,178.86543153892117,-231.0754434126201,-0.00641364687497703,stop_loss,06cf8b1aeb7d1b77,NVDA_1h_artifacts/xgb_prob_nvda_1h_v1.pkl,backtest,backtest
2025-08-26 19:30:00+00:00,2025-08-27 13:30:00+00:00,NVDA,LONG,1.0,181.6999969482422,179.71993366272346,-425.5098429984873,-0.011886534152208417,stop_loss,06cf8b1aeb7d1b77,NVDA_1h_artifacts/xgb_prob_nvda_1h_v1.pkl,backtest,backtest
2025-08-27 19:30:00+00:00,2025-08-28 13:30:00+00:00,NVDA,LONG,1.0,181.6000061035156,184.41951248261168,513.2633612735852,0.014510389746966057,trailing_stop,06cf8b1aeb7d1b77,NVDA_1h_artifacts/xgb_prob_nvda_1h_v1.pkl,backtest,backtest
2025-08-28 14:30:00+00:00,2025-08-28 15:30:00+00:00,NVDA,LONG,1.0,179.156494140625,179.74730226214774,82.33627467027763,0.002294423214923791,trailing_stop,06cf8b1aeb7d1b77,NVDA_1h_artifacts/xgb_prob_nvda_1h_v1.pkl,backtest,backtest
2025-08-28 19:30:00+00:00,2025-08-29 13:30:00+00:00,NVDA,LONG,1.0,180.1999969482422,178.58033475013164,-358.92729450475844,-0.009979148520058989,stop_loss,06cf8b1aeb7d1b77,NVDA_1h_artifacts/xgb_prob_nvda_1h_v1.pkl,backtest,backtest
2025-08-29 19:30:00+00:00,2025-09-02 13:30:00+00:00,NVDA,LONG,1.0,174.27999877929688,171.0893400294716,-686.8706498845023,-0.0192893511211919,stop_loss,06cf8b1aeb7d1b77,NVDA_1h_artifacts/xgb_prob_nvda_1h_v1.pkl,backtest,backtest
2025-09-02 14:30:00+00:00,2025-09-02 15:30:00+00:00,NVDA,LONG,1.0,169.05999755859375,167.99921729989265,-246.61413177032225,-0.00706187014899784,stop_loss,06cf8b1aeb7d1b77,NVDA_1h_artifacts/xgb_prob_nvda_1h_v1.pkl,backtest,backtest
2025-09-02 18:30:00+00:00,2025-09-02 19:30:00+00:00,NVDA,LONG,1.0,170.2949981689453,171.04787842615931,118.47218924010924,0.0034166146101990424,trailing_stop,06cf8b1aeb7d1b77,NVDA_1h_artifacts/xgb_prob_nvda_1h_v1.pkl,backtest,backtest
2025-09-03 19:30:00+00:00,2025-09-04 13:30:00+00:00,NVDA,LONG,1.0,170.6300048828125,171.79512864817556,202.55327089146854,0.0058215355347208675,trailing_stop,06cf8b1aeb7d1b77,NVDA_1h_artifacts/xgb_prob_nvda_1h_v1.pkl,backtest,backtest
2025-09-04 19:30:00+00:00,2025-09-05 13:30:00+00:00,NVDA,LONG,1.0,171.64999389648438,164.27840926095567,1466.4340076711285,0.04190249526798251,stop_loss,06cf8b1aeb7d1b77,NVDA_1h_artifacts/xgb_prob_nvda_1h_v1.pkl,backtest,backtest
2025-09-05 19:30:00+00:00,2025-09-08 13:30:00+00:00,NVDA,LONG,1.0,167.0399932861328,170.89670209322935,804.5674235224232,0.022065446917791,trailing_stop,06cf8b1aeb7d1b77,NVDA_1h_artifacts/xgb_prob_nvda_1h_v1.pkl,backtest,backtest
2025-09-09 17:30:00+00:00,2025-09-09 18:30:00+00:00,NVDA,LONG,1.0,168.2449951171875,170.3150113416309,420.7959667861262,0.011291279195429382,trailing_stop,06cf8b1aeb7d1b77,NVDA_1h_artifacts/xgb_prob_nvda_1h_v1.pkl,backtest,backtest
2025-09-09 19:30:00+00:00,2025-09-10 13:30:00+00:00,NVDA,LONG,1.0,170.7584991455078,178.8936177502991,1756.0198110045567,0.04659343474471078,trailing_stop,06cf8b1aeb7d1b77,NVDA_1h_artifacts/xgb_prob_nvda_1h_v1.pkl,backtest,backtest
2025-09-10 17:30:00+00:00,2025-09-10 18:30:00+00:00,NVDA,LONG,1.0,176.27499389648438,176.0307285207541,15.159203626620025,0.0003843206285845113,stop_loss,06cf8b1aeb7d1b77,NVDA_1h_artifacts/xgb_prob_nvda_1h_v1.pkl,backtest,backtest
2025-09-12 19:30:00+00:00,2025-09-15 13:30:00+00:00,NVDA,LONG,1.0,177.7899932861328,175.8453463420758,-470.6292887135069,-0.011926949606136716,stop_loss,06cf8b1aeb7d1b77,NVDA_1h_artifacts/xgb_prob_nvda_1h_v1.pkl,backtest,backtest
2025-09-15 19:30:00+00:00,2025-09-16 13:30:00+00:00,NVDA,LONG,1.0,177.77999877929688,175.76460371644333,402.56284884041906,0.010325119145096817,stop_loss,06cf8b1aeb7d1b77,NVDA_1h_artifacts/xgb_prob_nvda_1h_v1.pkl,backtest,backtest
2025-09-16 19:30:00+00:00,2025-09-17 13:30:00+00:00,NVDA,LONG,1.0,174.8300018310547,173.21692320493943,-402.4733473904718,-0.010217328436834094,stop_loss,06cf8b1aeb7d1b77,NVDA_1h_artifacts/xgb_prob_nvda_1h_v1.pkl,backtest,backtest
2025-09-17 19:30:00+00:00,2025-09-18 13:30:00+00:00,NVDA,LONG,1.0,170.2100067138672,175.74169317783162,1226.847604163948,0.03146668562084165,trailing_stop,06cf8b1aeb7d1b77,NVDA_1h_artifacts/xgb_prob_nvda_1h_v1.pkl,backtest,backtest
2025-09-18 18:30:00+00:00,2025-09-18 19:30:00+00:00,NVDA,LONG,1.0,176.34500122070312,174.52048953553214,-455.88096028748095,-0.011335916305360128,stop_loss,06cf8b1aeb7d1b77,NVDA_1h_artifacts/xgb_prob_nvda_1h_v1.pkl,backtest,backtest
2025-09-19 13:30:00+00:00,2025-09-19 14:30:00+00:00,NVDA,LONG,1.0,177.7050018310547,178.01263016760356,29.000237860207957,0.0007293869336582048,trailing_stop,06cf8b1aeb7d1b77,NVDA_1h_artifacts/xgb_prob_nvda_1h_v1.pkl,backtest,backtest
2025-09-19 18:30:00+00:00,2025-09-19 19:30:00+00:00,NVDA,LONG,1.0,176.31500244140625,177.94220820530307,327.05315119473727,0.008219740439689094,trailing_stop,06cf8b1aeb7d1b77,NVDA_1h_artifacts/xgb_prob_nvda_1h_v1.pkl,backtest,backtest
2025-09-22 14:30:00+00:00,2025-09-22 15:30:00+00:00,NVDA,LONG,1.0,175.46009826660156,182.42955678825564,1551.7321741974956,0.03868132431200011,trailing_stop,06cf8b1aeb7d1b77,NVDA_1h_artifacts/xgb_prob_nvda_1h_v1.pkl,backtest,backtest
2025-09-22 19:30:00+00:00,2025-09-23 13:30:00+00:00,NVDA,LONG,1.0,183.6100006103516,180.89943366078737,-656.174832547902,-0.01574786979801357,stop_loss,06cf8b1aeb7d1b77,NVDA_1h_artifacts/xgb_prob_nvda_1h_v1.pkl,backtest,backtest
2025-09-23 18:30:00+00:00,2025-09-23 19:30:00+00:00,NVDA,LONG,1.0,178.10000610351562,177.09180134926922,-272.9400112345537,-0.006655230291832459,stop_loss,06cf8b1aeb7d1b77,NVDA_1h_artifacts/xgb_prob_nvda_1h_v1.pkl,backtest,backtest
2025-09-24 14:30:00+00:00,2025-09-24 15:30:00+00:00,NVDA,LONG,1.0,178.3542022705078,176.0616022702683,-563.8743535429918,-0.013841342514406052,stop_loss,06cf8b1aeb7d1b77,NVDA_1h_artifacts/xgb_prob_nvda_1h_v1.pkl,backtest,backtest
2025-09-25 14:30:00+00:00,2025-09-25 15:30:00+00:00,NVDA,LONG,1.0,178.0301055908203,180.18957109114908,446.6463732338283,0.011117647336494674,trailing_stop,06cf8b1aeb7d1b77,NVDA_1h_artifacts/xgb_prob_nvda_1h_v1.pkl,backtest,backtest
2025-09-25 16:30:00+00:00,2025-09-25 17:30:00+00:00,NVDA,LONG,1.0,177.9799041748047,176.8302122751692,-302.7583527201718,-0.007453212867267189,stop_loss,06cf8b1aeb7d1b77,NVDA_1h_artifacts/xgb_prob_nvda_1h_v1.pkl,backtest,backtest
2025-09-26 19:30:00+00:00,2025-09-29 13:30:00+00:00,NVDA,LONG,1.0,178.19000244140625,183.9296901440338,1257.0819308551556,0.031178842451110134,trailing_stop,06cf8b1aeb7d1b77,NVDA_1h_artifacts/xgb_prob_nvda_1h_v1.pkl,backtest,backtest
2025-09-29 19:30:00+00:00,2025-09-30 13:30:00+00:00,NVDA,LONG,1.0,181.82000732421875,184.87693769832748,656.7323884336406,0.01579613530258528,trailing_stop,06cf8b1aeb7d1b77,NVDA_1h_artifacts/xgb_prob_nvda_1h_v1.pkl,backtest,backtest
2025-09-30 19:30:00+00:00,2025-10-01 13:30:00+00:00,NVDA,LONG,1.0,186.55999755859372,183.9662742252208,544.330880891184,0.01288898822871043,stop_loss,06cf8b1aeb7d1b77,NVDA_1h_artifacts/xgb_prob_nvda_1h_v1.pkl,backtest,backtest
2025-10-01 19:30:00+00:00,2025-10-02 13:30:00+00:00,NVDA,LONG,1.0,187.1699981689453,189.1633293049706,-497.8848135914053,-0.011639193376984713,stop_loss,06cf8b1aeb7d1b77,NVDA_1h_artifacts/xgb_prob_nvda_1h_v1.pkl,backtest,backtest
2025-10-06 13:30:00+00:00,2025-10-06 14:30:00+00:00,NVDA,LONG,1.0,185.5,185.47077418313103,-48.933101797608785,-0.001157394021844338,stop_loss,06cf8b1aeb7d1b77,NVDA_1h_artifacts/xgb_prob_nvda_1h_v1.pkl,backtest,backtest
2025-10-06 19:30:00+00:00,2025-10-07 13:30:00+00:00,NVDA,LONG,1.0,185.52999877929688,187.64243062555778,-522.5740351047309,-0.012374545509079904,stop_loss,06cf8b1aeb7d1b77,NVDA_1h_artifacts/xgb_prob_nvda_1h_v1.pkl,backtest,backtest
2025-10-07 14:30:00+00:00,2025-10-07 15:30:00+00:00,NVDA,LONG,1.0,185.2400054931641,185.7769522252345,79.06662387945903,0.001895755611269312,stop_loss,06cf8b1aeb7d1b77,NVDA_1h_artifacts/xgb_prob_nvda_1h_v1.pkl,backtest,backtest
2025-10-07 19:30:00+00:00,2025-10-08 13:30:00+00:00,NVDA,LONG,1.0,184.9600067138672,189.36005369071862,951.2802947270928,0.022765391275502145,trailing_stop,06cf8b1aeb7d1b77,NVDA_1h_artifacts/xgb_prob_nvda_1h_v1.pkl,backtest,backtest
2025-10-08 19:30:00+00:00,2025-10-09 13:30:00+00:00,NVDA,LONG,1.0,189.07000732421875,190.43778400588778,-351.60163998208617,-0.00822699979930841,stop_loss,06cf8b1aeb7d1b77,NVDA_1h_artifacts/xgb_prob_nvda_1h_v1.pkl,backtest,backtest
2025-10-09 17:30:00+00:00,2025-10-09 18:30:00+00:00,NVDA,LONG,1.0,192.875,192.31005272385985,81.64190559157522,0.0019261559500403092,stop_loss,06cf8b1aeb7d1b77,NVDA_1h_artifacts/xgb_prob_nvda_1h_v1.pkl,backtest,backtest
2025-10-10 13:30:00+00:00,2025-10-10 14:30:00+00:00,NVDA,LONG,1.0,195.2550048828125,195.55618548428484,22.973097014345154,0.0005409562538560841,trailing_stop,06cf8b1aeb7d1b77,NVDA_1h_artifacts/xgb_prob_nvda_1h_v1.pkl,backtest,backtest
2025-10-10 19:30:00+00:00,2025-10-13 13:30:00+00:00,NVDA,LONG,1.0,183.13999938964844,190.02312798732544,1501.278830515155,0.035332070570951,trailing_stop,06cf8b1aeb7d1b77,NVDA_1h_artifacts/xgb_prob_nvda_1h_v1.pkl,backtest,backtest
2025-10-13 19:30:00+00:00,2025-10-14 13:30:00+00:00,NVDA,LONG,1.0,188.32000732421875,185.04571508404672,-808.1062542176791,-0.0183694659128828,stop_loss,06cf8b1aeb7d1b77,NVDA_1h_artifacts/xgb_prob_nvda_1h_v1.pkl,backtest,backtest
2025-10-14 19:30:00+00:00,2025-10-15 13:30:00+00:00,NVDA,LONG,1.0,180.07000732421875,184.78331472580018,1025.615500436293,0.023750052749581085,trailing_stop,06cf8b1aeb7d1b77,NVDA_1h_artifacts/xgb_prob_nvda_1h_v1.pkl,backtest,backtest
2025-10-15 17:30:00+00:00,2025-10-15 18:30:00+00:00,NVDA,LONG,1.0,179.79490661621094,180.58756898844732,130.58813078455486,0.0029538590698598988,trailing_stop,06cf8b1aeb7d1b77,NVDA_1h_artifacts/xgb_prob_nvda_1h_v1.pkl,backtest,backtest
2025-10-15 19:30:00+00:00,2025-10-16 13:30:00+00:00,NVDA,LONG,1.0,179.8699951171875,182.93285954147206,660.5113435835068,0.014896539494283045,trailing_stop,06cf8b1aeb7d1b77,NVDA_1h_artifacts/xgb_prob_nvda_1h_v1.pkl,backtest,backtest
2025-10-17 17:30:00+00:00,2025-10-17 18:30:00+00:00,NVDA,LONG,1.0,183.69000244140625,184.0106324959084,30.644544293383184,0.0006809833719598757,trailing_stop,06cf8b1aeb7d1b77,NVDA_1h_artifacts/xgb_prob_nvda_1h_v1.pkl,backtest,backtest
2025-10-20 19:30:00+00:00,2025-10-21 13:30:00+00:00,NVDA,LONG,1.0,182.57000732421875,181.28935778140172,-360.5886859637645,-0.008007552401541274,stop_loss,06cf8b1aeb7d1b77,NVDA_1h_artifacts/xgb_prob_nvda_1h_v1.pkl,backtest,backtest
2025-10-21 14:30:00+00:00,2025-10-21 15:30:00+00:00,NVDA,LONG,1.0,181.91000366210935,182.58368146756456,-209.9358391953228,-0.00469965430213426,stop_loss,06cf8b1aeb7d1b77,NVDA_1h_artifacts/xgb_prob_nvda_1h_v1.pkl,backtest,backtest
2025-10-22 13:30:00+00:00,2025-10-22 14:30:00+00:00,NVDA,LONG,1.0,180.3968963623047,178.99143889534133,-390.50266733770434,-0.008783127303235383,stop_loss,06cf8b1aeb7d1b77,NVDA_1h_artifacts/xgb_prob_nvda_1h_v1.pkl,backtest,backtest
2025-10-23 19:30:00+00:00,2025-10-24 13:30:00+00:00,NVDA,LONG,1.0,182.1999969482422,184.62265793565174,-629.4708070206584,-0.014283415845004921,stop_loss,06cf8b1aeb7d1b77,NVDA_1h_artifacts/xgb_prob_nvda_1h_v1.pkl,backtest,backtest
2025-10-24 18:30:00+00:00,2025-10-24 19:30:00+00:00,NVDA,LONG,1.0,186.91000366210935,186.94390147647707,-35.57011434118156,-0.0008188223428930996,trailing_stop,06cf8b1aeb7d1b77,NVDA_1h_artifacts/xgb_prob_nvda_1h_v1.pkl,backtest,backtest
2025-10-27 19:30:00+00:00,2025-10-28 13:30:00+00:00,NVDA,LONG,1.0,191.42999267578125,195.41399387563703,859.0276176170443,0.01979098025875592,trailing_stop,06cf8b1aeb7d1b77,NVDA_1h_artifacts/xgb_prob_nvda_1h_v1.pkl,backtest,backtest
2025-10-28 15:30:00+00:00,2025-10-28 16:30:00+00:00,NVDA,LONG,1.0,193.7001037597656,196.50690050771476,596.4992037368985,0.013475934172336945,trailing_stop,06cf8b1aeb7d1b77,NVDA_1h_artifacts/xgb_prob_nvda_1h_v1.pkl,backtest,backtest
2025-10-28 17:30:00+00:00,2025-10-28 18:30:00+00:00,NVDA,LONG,1.0,199.3119964599609,202.12890769785957,588.5271871529499,0.013119041385579955,trailing_stop,06cf8b1aeb7d1b77,NVDA_1h_artifacts/xgb_prob_nvda_1h_v1.pkl,backtest,backtest
2025-10-28 19:30:00+00:00,2025-10-29 13:30:00+00:00,NVDA,LONG,1.0,201.02999877929688,212.1084056936685,2456.663465136204,0.05405311930886292,trailing_stop,06cf8b1aeb7d1b77,NVDA_1h_artifacts/xgb_prob_nvda_1h_v1.pkl,backtest,backtest
2025-10-29 14:30:00+00:00,2025-10-29 15:30:00+00:00,NVDA,LONG,1.0,208.7949981689453,206.95877998846055,-405.656151450169,-0.008467801375691475,stop_loss,06cf8b1aeb7d1b77,NVDA_1h_artifacts/xgb_prob_nvda_1h_v1.pkl,backtest,backtest
2025-10-30 13:30:00+00:00,2025-10-30 14:30:00+00:00,NVDA,LONG,1.0,202.20590209960935,203.2899978809628,170.9431149891247,0.0035987973173823296,stop_loss,06cf8b1aeb7d1b77,NVDA_1h_artifacts/xgb_prob_nvda_1h_v1.pkl,backtest,backtest
2025-10-31 13:30:00+00:00,2025-10-31 14:30:00+00:00,NVDA,LONG,1.0,205.47999572753903,206.25317564394203,-199.87348236996414,-0.0041927678977269345,stop_loss,06cf8b1aeb7d1b77,NVDA_1h_artifacts/xgb_prob_nvda_1h_v1.pkl,backtest,backtest
2025-11-03 14:30:00+00:00,2025-11-03 15:30:00+00:00,NVDA,LONG,1.0,207.7949981689453,208.43261530876737,83.18897210670194,0.0017524116205680507,trailing_stop,06cf8b1aeb7d1b77,NVDA_1h_artifacts/xgb_prob_nvda_1h_v1.pkl,backtest,backtest
2025-11-03 16:30:00+00:00,2025-11-03 17:30:00+00:00,NVDA,LONG,1.0,209.4199981689453,211.2324139244655,331.61769606604275,0.00697344961455193,trailing_stop,06cf8b1aeb7d1b77,NVDA_1h_artifacts/xgb_prob_nvda_1h_v1.pkl,backtest,backtest
2025-11-03 18:30:00+00:00,2025-11-03 19:30:00+00:00,NVDA,LONG,1.0,207.7050018310547,206.93338245242472,119.2343842597423,0.002489966264535015,stop_loss,06cf8b1aeb7d1b77,NVDA_1h_artifacts/xgb_prob_nvda_1h_v1.pkl,backtest,backtest
2025-11-04 14:30:00+00:00,2025-11-04 15:30:00+00:00,NVDA,LONG,1.0,201.6595001220703,203.45499181081496,331.99200387797123,0.006915754037394306,stop_loss,06cf8b1aeb7d1b77,NVDA_1h_artifacts/xgb_prob_nvda_1h_v1.pkl,backtest,backtest
2025-11-04 20:30:00+00:00,2025-11-05 14:30:00+00:00,NVDA,LONG,1.0,198.5399932861328,197.0741212312955,294.52945198505404,0.006093229117250631,stop_loss,06cf8b1aeb7d1b77,NVDA_1h_artifacts/xgb_prob_nvda_1h_v1.pkl,backtest,backtest
2025-11-05 19:30:00+00:00,2025-11-05 20:30:00+00:00,NVDA,LONG,1.0,199.5301055908203,197.33677776259606,-532.5120730552965,-0.010949896436375117,stop_loss,06cf8b1aeb7d1b77,NVDA_1h_artifacts/xgb_prob_nvda_1h_v1.pkl,backtest,backtest
2025-11-06 14:30:00+00:00,2025-11-06 15:30:00+00:00,NVDA,LONG,1.0,193.06500244140625,191.68750830082817,-328.68706096497976,-0.006833526272368884,stop_loss,06cf8b1aeb7d1b77,NVDA_1h_artifacts/xgb_prob_nvda_1h_v1.pkl,backtest,backtest
2025-11-06 16:30:00+00:00,2025-11-06 17:30:00+00:00,NVDA,LONG,1.0,186.82000732421875,186.95862598314244,-9.444100903175729,-0.00019769734105201664,stop_loss,06cf8b1aeb7d1b77,NVDA_1h_artifacts/xgb_prob_nvda_1h_v1.pkl,backtest,backtest
2025-11-07 14:30:00+00:00,2025-11-07 15:30:00+00:00,NVDA,LONG,1.0,182.4279937744141,184.24838418696507,308.4009014840813,0.0064571625001186295,stop_loss,06cf8b1aeb7d1b77,NVDA_1h_artifacts/xgb_prob_nvda_1h_v1.pkl,backtest,backtest
2025-11-07 16:30:00+00:00,2025-11-07 17:30:00+00:00,NVDA,LONG,1.0,182.05999755859372,184.3803495806332,382.1587096912057,0.007950135745513398,trailing_stop,06cf8b1aeb7d1b77,NVDA_1h_artifacts/xgb_prob_nvda_1h_v1.pkl,backtest,backtest
2025-11-07 19:30:00+00:00,2025-11-07 20:30:00+00:00,NVDA,LONG,1.0,186.13499450683597,188.1953634052648,353.9909817285974,0.007306071744420661,trailing_stop,06cf8b1aeb7d1b77,NVDA_1h_artifacts/xgb_prob_nvda_1h_v1.pkl,backtest,backtest
2025-11-10 14:30:00+00:00,2025-11-10 15:30:00+00:00,NVDA,LONG,1.0,196.6199951171875,192.53120901266973,633.743441539198,0.01298505402006267,stop_loss,06cf8b1aeb7d1b77,NVDA_1h_artifacts/xgb_prob_nvda_1h_v1.pkl,backtest,backtest
2025-11-10 20:30:00+00:00,2025-11-11 14:30:00+00:00,NVDA,LONG,1.0,199.0399932861328,194.1696360245401,-996.0153839234583,-0.020146206976414005,stop_loss,06cf8b1aeb7d1b77,NVDA_1h_artifacts/xgb_prob_nvda_1h_v1.pkl,backtest,backtest
2025-11-11 20:30:00+00:00,2025-11-12 14:30:00+00:00,NVDA,LONG,1.0,193.22999572753903,195.7769125014479,451.33306500973436,0.009316721604561762,trailing_stop,06cf8b1aeb7d1b77,NVDA_1h_artifacts/xgb_prob_nvda_1h_v1.pkl,backtest,backtest
2025-11-13 20:30:00+00:00,2025-11-14 14:30:00+00:00,NVDA,LONG,1.0,186.9600067138672,183.01352526230724,-921.1824363150738,-0.01884014094688613,stop_loss,06cf8b1aeb7d1b77,NVDA_1h_artifacts/xgb_prob_nvda_1h_v1.pkl,backtest,backtest
2025-11-14 15:30:00+00:00,2025-11-14 16:30:00+00:00,NVDA,LONG,1.0,189.97979736328125,190.57319358279307,78.83069112207822,0.0016432137508226585,trailing_stop,06cf8b1aeb7d1b77,NVDA_1h_artifacts/xgb_prob_nvda_1h_v1.pkl,backtest,backtest
2025-11-14 20:30:00+00:00,2025-11-17 14:30:00+00:00,NVDA,LONG,1.0,190.27999877929688,186.64477829313046,-811.6309647869446,-0.016890569037346426,stop_loss,06cf8b1aeb7d1b77,NVDA_1h_artifacts/xgb_prob_nvda_1h_v1.pkl,backtest,backtest
2025-11-17 18:30:00+00:00,2025-11-17 19:30:00+00:00,NVDA,LONG,1.0,185.3300018310547,184.41518198469944,163.98867681864334,0.0034713441576366133,stop_loss,06cf8b1aeb7d1b77,NVDA_1h_artifacts/xgb_prob_nvda_1h_v1.pkl,backtest,backtest
2025-11-18 14:30:00+00:00,2025-11-18 15:30:00+00:00,NVDA,LONG,1.0,181.8500061035156,183.1193543791459,228.40059580570804,0.004818102874340147,stop_loss,06cf8b1aeb7d1b77,NVDA_1h_artifacts/xgb_prob_nvda_1h_v1.pkl,backtest,backtest
2025-11-18 20:30:00+00:00,2025-11-19 14:30:00+00:00,NVDA,LONG,1.0,181.3000030517578,187.71135180416167,1364.5854715316627,0.028647856234401914,trailing_stop,06cf8b1aeb7d1b77,NVDA_1h_artifacts/xgb_prob_nvda_1h_v1.pkl,backtest,backtest
2025-11-19 19:30:00+00:00,2025-11-19 20:30:00+00:00,NVDA,LONG,1.0,186.7050018310547,187.24166950229883,73.11789818531207,0.0014922732669788719,trailing_stop,06cf8b1aeb7d1b77,NVDA_1h_artifacts/xgb_prob_nvda_1h_v1.pkl,backtest,backtest
2025-11-20 14:30:00+00:00,2025-11-20 15:30:00+00:00,NVDA,LONG,1.0,193.9199981689453,194.53006224635763,73.68885445609779,0.0015016850677618265,trailing_stop,06cf8b1aeb7d1b77,NVDA_1h_artifacts/xgb_prob_nvda_1h_v1.pkl,backtest,backtest
2025-11-21 14:30:00+00:00,2025-11-21 15:30:00+00:00,NVDA,LONG,1.0,175.7899932861328,176.03736932410663,11.057926006834784,0.00022500856625540244,stop_loss,06cf8b1aeb7d1b77,NVDA_1h_artifacts/xgb_prob_nvda_1h_v1.pkl,backtest,backtest
2025-11-21 18:30:00+00:00,2025-11-21 19:30:00+00:00,NVDA,LONG,1.0,184.19000244140625,184.42732951228984,-59.40266304128081,-0.0012084636144393812,stop_loss,06cf8b1aeb7d1b77,NVDA_1h_artifacts/xgb_prob_nvda_1h_v1.pkl,backtest,backtest
2025-11-24 15:30:00+00:00,2025-11-24 16:30:00+00:00,NVDA,LONG,1.0,182.08999633789065,183.09373202219794,-167.51912262665914,-0.003412064246567037,stop_loss,06cf8b1aeb7d1b77,NVDA_1h_artifacts/xgb_prob_nvda_1h_v1.pkl,backtest,backtest
2025-11-25 14:30:00+00:00,2025-11-25 15:30:00+00:00,NVDA,LONG,1.0,171.0749969482422,171.1805548261472,-42.65047132752294,-0.0008716879042611758,stop_loss,06cf8b1aeb7d1b77,NVDA_1h_artifacts/xgb_prob_nvda_1h_v1.pkl,backtest,backtest
2025-11-25 20:30:00+00:00,2025-11-26 14:30:00+00:00,NVDA,LONG,1.0,177.8000030517578,181.20110485503264,-598.4118351587989,-0.012240977322286684,stop_loss,06cf8b1aeb7d1b77,NVDA_1h_artifacts/xgb_prob_nvda_1h_v1.pkl,backtest,backtest
2025-11-26 20:30:00+00:00,2025-11-28 14:30:00+00:00,NVDA,LONG,1.0,180.19000244140625,177.08276028222687,-695.4813626269148,-0.014402915409642114,stop_loss,06cf8b1aeb7d1b77,NVDA_1h_artifacts/xgb_prob_nvda_1h_v1.pkl,backtest,backtest
2025-11-28 16:30:00+00:00,2025-12-01 14:30:00+00:00,NVDA,LONG,1.0,177.1342010498047,173.8897963173517,-764.4783472846703,-0.016063149178801472,stop_loss,06cf8b1aeb7d1b77,NVDA_1h_artifacts/xgb_prob_nvda_1h_v1.pkl,backtest,backtest
2025-12-02 14:30:00+00:00,2025-12-02 15:30:00+00:00,NVDA,LONG,1.0,183.2550048828125,184.5477038909651,248.53487925853904,0.005307446477589961,trailing_stop,06cf8b1aeb7d1b77,NVDA_1h_artifacts/xgb_prob_nvda_1h_v1.pkl,backtest,backtest
2025-12-03 20:30:00+00:00,2025-12-04 14:30:00+00:00,NVDA,LONG,1.0,179.63999938964844,183.04055901219328,843.1769118529559,0.01791092782489767,trailing_stop,06cf8b1aeb7d1b77,NVDA_1h_artifacts/xgb_prob_nvda_1h_v1.pkl,backtest,backtest
2025-12-04 15:30:00+00:00,2025-12-04 16:30:00+00:00,NVDA,LONG,1.0,182.63510131835935,184.4405484404664,425.3152208081811,0.00887565731869322,trailing_stop,06cf8b1aeb7d1b77,NVDA_1h_artifacts/xgb_prob_nvda_1h_v1.pkl,backtest,backtest
2025-12-04 20:30:00+00:00,2025-12-05 14:30:00+00:00,NVDA,LONG,1.0,183.3999938964844,184.59404210815865,-362.783368744371,-0.007504112340024571,stop_loss,06cf8b1aeb7d1b77,NVDA_1h_artifacts/xgb_prob_nvda_1h_v1.pkl,backtest,backtest
2025-12-05 20:30:00+00:00,2025-12-08 14:30:00+00:00,NVDA,LONG,1.0,182.3500061035156,185.63559545166302,815.6919772414032,0.01700002001061618,trailing_stop,06cf8b1aeb7d1b77,NVDA_1h_artifacts/xgb_prob_nvda_1h_v1.pkl,backtest,backtest
2025-12-08 16:30:00+00:00,2025-12-08 17:30:00+00:00,NVDA,LONG,1.0,183.40499877929688,186.42457184160105,753.7995756126226,0.015447498755864819,trailing_stop,06cf8b1aeb7d1b77,NVDA_1h_artifacts/xgb_prob_nvda_1h_v1.pkl,backtest,backtest
