{
  "final_balance": 10000.0,
  "n_trades": 0,
  "win_rate": 0.0,
  "max_drawdown": 0.0,
  "sharpe_ratio": null,
  "benchmark_final_balance": 9157.101973387826,
  "benchmark_return": -8.428980266121744,
  "annualized_return": 0.0,
  "annualized_benchmark_return": -0.9425538147478836,
  "annualized_volatility": null,
  "sortino_ratio": null,
  "profit_factor": null,
  "expectancy": 0.0,
  "avg_r_multiple": 0.0,
  "avg_expected_pnl": 0.0,
  "long_trades": 0,
  "short_trades": 0,
  "long_win_rate": 0.0,
  "short_win_rate": 0.0,
  "long_total_pnl": 0.0,
  "short_total_pnl": 0.0,
  "brier_score": null,
  "log_loss": null,
  "final_risk_profile": "normal",
  "final_long_threshold": 0.55,
  "final_short_threshold": 0.4,
  "adaptive_profile_changes": 0,
  "regime_usage": {},
  "regime_transitions": [],
  "exit_reason_counts": {},
  "sentiment_stats": {
    "trades_in_fear": 0,
    "trades_in_greed": 0
  },
  "trade_returns": [],
  "risk_of_ruin": null,
  "maxdd_p95": null,
  "maxdd_p05": null,
  "pnl_p05": null,
  "pnl_p50": null,
  "pnl_p95": null,
  "robustness_score": null,
  "native_metrics": null,
  "trades_summary": {
    "count": 0,
    "total_pnl": 0,
    "long_trades": 0,
    "short_trades": 0
  }
}