entry_ts,exit_ts,symbol,side,qty,entry_price,exit_price,pnl,pnl_pct,exit_reason,strategy_id,strategy_label,source_type,session_id
2024-12-23 20:30:00+00:00,2024-12-24 14:30:00+00:00,NVDA,LONG,1.0,139.65499877929688,141.83044065189728,131.41143318413208,0.013102537817202276,trailing_stop,06cf8b1aeb7d1b77,NVDA_1h_artifacts/xgb_prob_nvda_1h_v1.pkl,backtest,backtest
2024-12-24 16:30:00+00:00,2024-12-26 14:30:00+00:00,NVDA,LONG,1.0,140.76449584960938,138.49096308884108,-157.71386074160066,-0.015541310934050201,stop_loss,06cf8b1aeb7d1b77,NVDA_1h_artifacts/xgb_prob_nvda_1h_v1.pkl,backtest,backtest
2024-12-26 20:30:00+00:00,2024-12-27 14:30:00+00:00,NVDA,LONG,1.0,139.88999938964844,134.77285538639953,358.3633801386066,0.03554319023196695,stop_loss,06cf8b1aeb7d1b77,NVDA_1h_artifacts/xgb_prob_nvda_1h_v1.pkl,backtest,backtest
2024-12-27 20:30:00+00:00,2024-12-30 14:30:00+00:00,NVDA,LONG,1.0,137.13999938964844,134.08709615642286,204.29531122448498,0.019498518252942798,stop_loss,06cf8b1aeb7d1b77,NVDA_1h_artifacts/xgb_prob_nvda_1h_v1.pkl,backtest,backtest
2024-12-30 16:30:00+00:00,2024-12-30 17:30:00+00:00,NVDA,LONG,1.0,139.02000427246094,140.2023541506257,73.92189083764933,0.006860086133336996,trailing_stop,06cf8b1aeb7d1b77,NVDA_1h_artifacts/xgb_prob_nvda_1h_v1.pkl,backtest,backtest
2024-12-30 19:30:00+00:00,2024-12-30 20:30:00+00:00,NVDA,LONG,1.0,138.5998992919922,137.4449440112987,77.28457820321388,0.007083388774007826,stop_loss,06cf8b1aeb7d1b77,NVDA_1h_artifacts/xgb_prob_nvda_1h_v1.pkl,backtest,backtest
2024-12-31 15:30:00+00:00,2024-12-31 16:30:00+00:00,NVDA,LONG,1.0,135.11000061035156,135.23256938431172,-0.9325812925942145,-8.631696523542232e-05,stop_loss,06cf8b1aeb7d1b77,NVDA_1h_artifacts/xgb_prob_nvda_1h_v1.pkl,backtest,backtest
2024-12-31 20:30:00+00:00,2025-01-02 14:30:00+00:00,NVDA,LONG,1.0,134.2899932861328,138.30649659236994,292.1947460722274,0.027724834017175404,trailing_stop,06cf8b1aeb7d1b77,NVDA_1h_artifacts/xgb_prob_nvda_1h_v1.pkl,backtest,backtest
2025-01-02 15:30:00+00:00,2025-01-02 16:30:00+00:00,NVDA,LONG,1.0,137.92129516601562,138.81007542555727,52.19191208440277,0.004793836016323771,trailing_stop,06cf8b1aeb7d1b77,NVDA_1h_artifacts/xgb_prob_nvda_1h_v1.pkl,backtest,backtest
2025-01-02 20:30:00+00:00,2025-01-03 14:30:00+00:00,NVDA,LONG,1.0,138.27999877929688,140.18622523773107,-147.29762183918416,-0.013455548244710291,stop_loss,06cf8b1aeb7d1b77,NVDA_1h_artifacts/xgb_prob_nvda_1h_v1.pkl,backtest,backtest
2025-01-03 20:30:00+00:00,2025-01-06 14:30:00+00:00,NVDA,LONG,1.0,144.58999633789062,151.63679773094208,517.4185393469432,0.047687701569666396,trailing_stop,06cf8b1aeb7d1b77,NVDA_1h_artifacts/xgb_prob_nvda_1h_v1.pkl,backtest,backtest
2025-01-06 19:30:00+00:00,2025-01-06 20:30:00+00:00,NVDA,LONG,1.0,150.52499389648438,148.32542463634746,146.79818148550572,0.01306042424654974,stop_loss,06cf8b1aeb7d1b77,NVDA_1h_artifacts/xgb_prob_nvda_1h_v1.pkl,backtest,backtest
2025-01-07 14:30:00+00:00,2025-01-07 15:30:00+00:00,NVDA,LONG,1.0,143.6580047607422,146.3726752753851,141.38348320740235,0.012783057753924743,stop_loss,06cf8b1aeb7d1b77,NVDA_1h_artifacts/xgb_prob_nvda_1h_v1.pkl,backtest,backtest
2025-01-08 17:30:00+00:00,2025-01-08 18:30:00+00:00,NVDA,LONG,1.0,140.6199951171875,140.9151532346525,7.297587004853057,0.0006507643050679413,trailing_stop,06cf8b1aeb7d1b77,NVDA_1h_artifacts/xgb_prob_nvda_1h_v1.pkl,backtest,backtest
2025-01-08 20:30:00+00:00,2025-01-10 14:30:00+00:00,NVDA,LONG,1.0,140.05999755859375,137.4776290173833,-141.81105493491498,-0.012684327300075515,stop_loss,06cf8b1aeb7d1b77,NVDA_1h_artifacts/xgb_prob_nvda_1h_v1.pkl,backtest,backtest
2025-01-10 20:30:00+00:00,2025-01-13 14:30:00+00:00,NVDA,LONG,1.0,135.86000061035156,132.80692863151427,-157.8214836981595,-0.014325092606491063,stop_loss,06cf8b1aeb7d1b77,NVDA_1h_artifacts/xgb_prob_nvda_1h_v1.pkl,backtest,backtest
2025-01-13 20:30:00+00:00,2025-01-14 14:30:00+00:00,NVDA,LONG,1.0,133.24000549316406,136.30188822084082,184.06349863666182,0.016724606428985878,trailing_stop,06cf8b1aeb7d1b77,NVDA_1h_artifacts/xgb_prob_nvda_1h_v1.pkl,backtest,backtest
2025-01-14 20:30:00+00:00,2025-01-15 14:30:00+00:00,NVDA,LONG,1.0,131.85000610351562,133.2617382112219,-102.28487955128872,-0.009307596627341486,stop_loss,06cf8b1aeb7d1b77,NVDA_1h_artifacts/xgb_prob_nvda_1h_v1.pkl,backtest,backtest
2025-01-15 18:30:00+00:00,2025-01-15 19:30:00+00:00,NVDA,LONG,1.0,135.9398956298828,136.16318920008354,5.540427743584431,0.0005041645322667598,trailing_stop,06cf8b1aeb7d1b77,NVDA_1h_artifacts/xgb_prob_nvda_1h_v1.pkl,backtest,backtest
2025-01-15 20:30:00+00:00,2025-01-16 14:30:00+00:00,NVDA,LONG,1.0,136.1999969482422,138.21783468028147,-164.55151310536874,-0.014994337784310807,stop_loss,06cf8b1aeb7d1b77,NVDA_1h_artifacts/xgb_prob_nvda_1h_v1.pkl,backtest,backtest
2025-01-16 15:30:00+00:00,2025-01-16 16:30:00+00:00,NVDA,LONG,1.0,135.24000549316406,134.91910454111135,-32.42243936880218,-0.003041295989801185,stop_loss,06cf8b1aeb7d1b77,NVDA_1h_artifacts/xgb_prob_nvda_1h_v1.pkl,backtest,backtest
2025-01-16 17:30:00+00:00,2025-01-16 18:30:00+00:00,NVDA,LONG,1.0,134.25999450683594,133.61686734004928,36.999197618494684,0.003454020140087888,stop_loss,06cf8b1aeb7d1b77,NVDA_1h_artifacts/xgb_prob_nvda_1h_v1.pkl,backtest,backtest
2025-01-16 20:30:00+00:00,2025-01-17 14:30:00+00:00,NVDA,LONG,1.0,133.55999755859375,137.56448365498971,289.3926963965776,0.027245220977023754,trailing_stop,06cf8b1aeb7d1b77,NVDA_1h_artifacts/xgb_prob_nvda_1h_v1.pkl,backtest,backtest
2025-01-21 16:30:00+00:00,2025-01-21 17:30:00+00:00,NVDA,LONG,1.0,139.33009338378906,141.77000423999624,178.47456717589915,0.016494217409564804,trailing_stop,06cf8b1aeb7d1b77,NVDA_1h_artifacts/xgb_prob_nvda_1h_v1.pkl,backtest,backtest
2025-01-21 20:30:00+00:00,2025-01-22 14:30:00+00:00,NVDA,LONG,1.0,140.8300018310547,143.49747489118104,-220.11316807186043,-0.019922144091590877,stop_loss,06cf8b1aeb7d1b77,NVDA_1h_artifacts/xgb_prob_nvda_1h_v1.pkl,backtest,backtest
2025-01-22 20:30:00+00:00,2025-01-23 14:30:00+00:00,NVDA,LONG,1.0,147.0399932861328,143.78018262204952,226.8804293196447,0.021147381679228694,stop_loss,06cf8b1aeb7d1b77,NVDA_1h_artifacts/xgb_prob_nvda_1h_v1.pkl,backtest,backtest
2025-01-23 20:30:00+00:00,2025-01-24 14:30:00+00:00,NVDA,LONG,1.0,147.1999969482422,148.913716407539,117.64929544341385,0.010630474017193414,trailing_stop,06cf8b1aeb7d1b77,NVDA_1h_artifacts/xgb_prob_nvda_1h_v1.pkl,backtest,backtest
2025-01-24 15:30:00+00:00,2025-01-24 16:30:00+00:00,NVDA,LONG,1.0,145.1999969482422,144.20143057244155,65.97437197062294,0.005870301862199279,stop_loss,06cf8b1aeb7d1b77,NVDA_1h_artifacts/xgb_prob_nvda_1h_v1.pkl,backtest,backtest
2025-01-24 17:30:00+00:00,2025-01-24 18:30:00+00:00,NVDA,LONG,1.0,143.38999938964844,142.3754432412376,-90.46020062372983,-0.00806842594725321,stop_loss,06cf8b1aeb7d1b77,NVDA_1h_artifacts/xgb_prob_nvda_1h_v1.pkl,backtest,backtest
2025-01-24 20:30:00+00:00,2025-01-27 14:30:00+00:00,NVDA,LONG,1.0,142.60040283203125,123.1101965574407,1502.7653593428236,0.1355404001786058,stop_loss,06cf8b1aeb7d1b77,NVDA_1h_artifacts/xgb_prob_nvda_1h_v1.pkl,backtest,backtest
2025-01-27 15:30:00+00:00,2025-01-27 16:30:00+00:00,NVDA,LONG,1.0,119.1500015258789,117.37761923142033,84.36073071287132,0.0065809354968995315,stop_loss,06cf8b1aeb7d1b77,NVDA_1h_artifacts/xgb_prob_nvda_1h_v1.pkl,backtest,backtest
2025-01-27 20:30:00+00:00,2025-01-28 14:30:00+00:00,NVDA,LONG,1.0,118.51000213623048,121.88653873795913,166.4573419394899,0.012835883519066948,trailing_stop,06cf8b1aeb7d1b77,NVDA_1h_artifacts/xgb_prob_nvda_1h_v1.pkl,backtest,backtest
2025-01-28 15:30:00+00:00,2025-01-28 16:30:00+00:00,NVDA,LONG,1.0,120.7699966430664,126.52046927934921,279.3685482849928,0.02135986364710618,trailing_stop,06cf8b1aeb7d1b77,NVDA_1h_artifacts/xgb_prob_nvda_1h_v1.pkl,backtest,backtest
2025-01-28 20:30:00+00:00,2025-01-29 14:30:00+00:00,NVDA,LONG,1.0,128.9801025390625,123.82091612774177,-278.70171298868263,-0.02080787696366959,stop_loss,06cf8b1aeb7d1b77,NVDA_1h_artifacts/xgb_prob_nvda_1h_v1.pkl,backtest,backtest
2025-01-29 16:30:00+00:00,2025-01-29 17:30:00+00:00,NVDA,LONG,1.0,122.99839782714844,120.0518425945172,-153.4678043469051,-0.0117516219556838,stop_loss,06cf8b1aeb7d1b77,NVDA_1h_artifacts/xgb_prob_nvda_1h_v1.pkl,backtest,backtest
2025-01-30 14:30:00+00:00,2025-01-30 15:30:00+00:00,NVDA,LONG,1.0,119.56999969482422,118.2151496178827,66.03317099378003,0.004995887531387799,stop_loss,06cf8b1aeb7d1b77,NVDA_1h_artifacts/xgb_prob_nvda_1h_v1.pkl,backtest,backtest
2025-01-30 18:30:00+00:00,2025-01-30 19:30:00+00:00,NVDA,LONG,1.0,121.45500183105467,122.97312394106376,-91.06469892811609,-0.0069126296841556245,stop_loss,06cf8b1aeb7d1b77,NVDA_1h_artifacts/xgb_prob_nvda_1h_v1.pkl,backtest,backtest
2025-01-30 20:30:00+00:00,2025-01-31 14:30:00+00:00,NVDA,LONG,1.0,124.91000366210938,126.52454277559787,82.59916287535196,0.006276946128146665,trailing_stop,06cf8b1aeb7d1b77,NVDA_1h_artifacts/xgb_prob_nvda_1h_v1.pkl,backtest,backtest
2025-01-31 17:30:00+00:00,2025-01-31 18:30:00+00:00,NVDA,LONG,1.0,124.16999816894533,122.67374013135397,79.45538575912181,0.006002856503514176,stop_loss,06cf8b1aeb7d1b77,NVDA_1h_artifacts/xgb_prob_nvda_1h_v1.pkl,backtest,backtest
2025-01-31 20:30:00+00:00,2025-02-03 14:30:00+00:00,NVDA,LONG,1.0,120.0,113.10916247474219,409.27747247479607,0.030737849958998753,stop_loss,06cf8b1aeb7d1b77,NVDA_1h_artifacts/xgb_prob_nvda_1h_v1.pkl,backtest,backtest
2025-02-03 17:30:00+00:00,2025-02-03 18:30:00+00:00,NVDA,LONG,1.0,115.93990325927734,118.4592586440141,133.7992593035664,0.009746397569732279,trailing_stop,06cf8b1aeb7d1b77,NVDA_1h_artifacts/xgb_prob_nvda_1h_v1.pkl,backtest,backtest
2025-02-04 14:30:00+00:00,2025-02-04 15:30:00+00:00,NVDA,LONG,1.0,119.93000030517578,120.2580734171842,12.529363276989613,0.0008931531536018333,trailing_stop,06cf8b1aeb7d1b77,NVDA_1h_artifacts/xgb_prob_nvda_1h_v1.pkl,backtest,backtest
2025-02-04 20:30:00+00:00,2025-02-05 14:30:00+00:00,NVDA,LONG,1.0,118.68000030517578,123.30685644951078,344.17914658013694,0.02433966715258329,trailing_stop,06cf8b1aeb7d1b77,NVDA_1h_artifacts/xgb_prob_nvda_1h_v1.pkl,backtest,backtest
2025-02-05 15:30:00+00:00,2025-02-05 16:30:00+00:00,NVDA,LONG,1.0,123.22599792480467,124.55203129227294,88.75967372386606,0.006102999576765855,trailing_stop,06cf8b1aeb7d1b77,NVDA_1h_artifacts/xgb_prob_nvda_1h_v1.pkl,backtest,backtest
2025-02-05 20:30:00+00:00,2025-02-06 14:30:00+00:00,NVDA,LONG,1.0,124.95500183105467,127.41890976015857,189.38729100379527,0.012792343174410137,trailing_stop,06cf8b1aeb7d1b77,NVDA_1h_artifacts/xgb_prob_nvda_1h_v1.pkl,backtest,backtest
2025-02-06 15:30:00+00:00,2025-02-06 16:30:00+00:00,NVDA,LONG,1.0,126.86000061035156,128.16375929402986,103.85192866199988,0.006905320256837877,trailing_stop,06cf8b1aeb7d1b77,NVDA_1h_artifacts/xgb_prob_nvda_1h_v1.pkl,backtest,backtest
2025-02-06 18:30:00+00:00,2025-02-06 19:30:00+00:00,NVDA,LONG,1.0,127.6948013305664,124.90004214443611,260.7781628194683,0.017176434187381018,stop_loss,06cf8b1aeb7d1b77,NVDA_1h_artifacts/xgb_prob_nvda_1h_v1.pkl,backtest,backtest
2025-02-06 20:30:00+00:00,2025-02-07 14:30:00+00:00,NVDA,LONG,1.0,128.68499755859375,130.2984583806219,143.87363600491642,0.009291155027810527,trailing_stop,06cf8b1aeb7d1b77,NVDA_1h_artifacts/xgb_prob_nvda_1h_v1.pkl,backtest,backtest
2025-02-07 20:30:00+00:00,2025-02-10 14:30:00+00:00,NVDA,LONG,1.0,129.86000061035156,134.71202145059405,453.7941839519566,0.028924467165279744,trailing_stop,06cf8b1aeb7d1b77,NVDA_1h_artifacts/xgb_prob_nvda_1h_v1.pkl,backtest,backtest
2025-02-10 20:30:00+00:00,2025-02-11 14:30:00+00:00,NVDA,LONG,1.0,133.50999450683594,132.07279147228033,154.07836650221495,0.009402522767055999,stop_loss,06cf8b1aeb7d1b77,NVDA_1h_artifacts/xgb_prob_nvda_1h_v1.pkl,backtest,backtest
2025-02-11 15:30:00+00:00,2025-02-11 16:30:00+00:00,NVDA,LONG,1.0,133.9698944091797,131.88580327077244,-266.74898919715196,-0.016139361529655005,stop_loss,06cf8b1aeb7d1b77,NVDA_1h_artifacts/xgb_prob_nvda_1h_v1.pkl,backtest,backtest
2025-02-11 20:30:00+00:00,2025-02-12 14:30:00+00:00,NVDA,LONG,1.0,132.8699951171875,131.03439236130632,-238.48650771463252,-0.014763618599969996,stop_loss,06cf8b1aeb7d1b77,NVDA_1h_artifacts/xgb_prob_nvda_1h_v1.pkl,backtest,backtest
2025-02-12 20:30:00+00:00,2025-02-13 14:30:00+00:00,NVDA,LONG,1.0,131.07989501953125,132.6530738030793,-207.73092186069374,-0.012970970880515464,stop_loss,06cf8b1aeb7d1b77,NVDA_1h_artifacts/xgb_prob_nvda_1h_v1.pkl,backtest,backtest
2025-02-13 16:30:00+00:00,2025-02-13 17:30:00+00:00,NVDA,LONG,1.0,135.00999450683594,133.4840237055383,157.53377363784793,0.009925759770436748,stop_loss,06cf8b1aeb7d1b77,NVDA_1h_artifacts/xgb_prob_nvda_1h_v1.pkl,backtest,backtest
2025-02-13 20:30:00+00:00,2025-02-14 14:30:00+00:00,NVDA,LONG,1.0,135.25,137.31858233303996,-259.2541588455521,-0.016279214422971755,stop_loss,06cf8b1aeb7d1b77,NVDA_1h_artifacts/xgb_prob_nvda_1h_v1.pkl,backtest,backtest
2025-02-14 20:30:00+00:00,2025-02-18 14:30:00+00:00,NVDA,LONG,1.0,138.86000061035156,143.38436775521674,491.009485370153,0.03154963818128764,trailing_stop,06cf8b1aeb7d1b77,NVDA_1h_artifacts/xgb_prob_nvda_1h_v1.pkl,backtest,backtest
2025-02-18 19:30:00+00:00,2025-02-18 20:30:00+00:00,NVDA,LONG,1.0,139.54989624023438,137.9843500129726,161.5842731669903,0.010207322421380338,stop_loss,06cf8b1aeb7d1b77,NVDA_1h_artifacts/xgb_prob_nvda_1h_v1.pkl,backtest,backtest
2025-02-19 16:30:00+00:00,2025-02-19 17:30:00+00:00,NVDA,LONG,1.0,139.81500244140625,141.2964415294819,151.58100116488882,0.009460897242812294,trailing_stop,06cf8b1aeb7d1b77,NVDA_1h_artifacts/xgb_prob_nvda_1h_v1.pkl,backtest,backtest
2025-02-19 18:30:00+00:00,2025-02-19 19:30:00+00:00,NVDA,LONG,1.0,140.44509887695312,139.07748101569743,141.2158325194812,0.008728002289289272,stop_loss,06cf8b1aeb7d1b77,NVDA_1h_artifacts/xgb_prob_nvda_1h_v1.pkl,backtest,backtest
2025-02-19 20:30:00+00:00,2025-02-20 14:30:00+00:00,NVDA,LONG,1.0,139.24000549316406,136.8474096540149,263.730214614144,0.01616606685588895,stop_loss,06cf8b1aeb7d1b77,NVDA_1h_artifacts/xgb_prob_nvda_1h_v1.pkl,backtest,backtest
2025-02-20 20:30:00+00:00,2025-02-21 14:30:00+00:00,NVDA,LONG,1.0,140.1199951171875,141.40483948352596,133.8890868717657,0.008160430821444242,trailing_stop,06cf8b1aeb7d1b77,NVDA_1h_artifacts/xgb_prob_nvda_1h_v1.pkl,backtest,backtest
2025-02-21 16:30:00+00:00,2025-02-21 17:30:00+00:00,NVDA,LONG,1.0,138.99110412597656,136.1173172314462,325.35188888599185,0.019655373059226378,stop_loss,06cf8b1aeb7d1b77,NVDA_1h_artifacts/xgb_prob_nvda_1h_v1.pkl,backtest,backtest
2025-02-21 20:30:00+00:00,2025-02-24 14:30:00+00:00,NVDA,LONG,1.0,134.27000427246094,138.5252698019761,482.8807207826524,0.028862837630888816,trailing_stop,06cf8b1aeb7d1b77,NVDA_1h_artifacts/xgb_prob_nvda_1h_v1.pkl,backtest,backtest
2025-02-24 15:30:00+00:00,2025-02-24 16:30:00+00:00,NVDA,LONG,1.0,134.0399932861328,134.90791644303707,68.98341715487311,0.003986285102019593,trailing_stop,06cf8b1aeb7d1b77,NVDA_1h_artifacts/xgb_prob_nvda_1h_v1.pkl,backtest,backtest
2025-02-24 18:30:00+00:00,2025-02-24 19:30:00+00:00,NVDA,LONG,1.0,132.72000122070312,132.04630749718848,-82.42131733708914,-0.004800663744577771,stop_loss,06cf8b1aeb7d1b77,NVDA_1h_artifacts/xgb_prob_nvda_1h_v1.pkl,backtest,backtest
2025-02-24 20:30:00+00:00,2025-02-25 14:30:00+00:00,NVDA,LONG,1.0,130.10000610351562,129.9643107259891,-26.23075920605844,-0.0015585242770924657,stop_loss,06cf8b1aeb7d1b77,NVDA_1h_artifacts/xgb_prob_nvda_1h_v1.pkl,backtest,backtest
2025-02-25 15:30:00+00:00,2025-02-25 16:30:00+00:00,NVDA,LONG,1.0,126.19000244140624,128.45131198357046,181.37921140144675,0.010754116353476784,trailing_stop,06cf8b1aeb7d1b77,NVDA_1h_artifacts/xgb_prob_nvda_1h_v1.pkl,backtest,backtest
2025-02-25 20:30:00+00:00,2025-02-26 14:30:00+00:00,NVDA,LONG,1.0,126.62999725341795,131.52267845923333,421.9841345925834,0.024724683359219846,trailing_stop,06cf8b1aeb7d1b77,NVDA_1h_artifacts/xgb_prob_nvda_1h_v1.pkl,backtest,backtest
2025-02-26 17:30:00+00:00,2025-02-26 18:30:00+00:00,NVDA,LONG,1.0,130.3751983642578,129.2554964882161,-103.21349086953147,-0.006024315328633567,stop_loss,06cf8b1aeb7d1b77,NVDA_1h_artifacts/xgb_prob_nvda_1h_v1.pkl,backtest,backtest
2025-02-26 20:30:00+00:00,2025-02-27 14:30:00+00:00,NVDA,LONG,1.0,131.52000427246094,134.90621754654424,264.3726617195341,0.015413568042917047,trailing_stop,06cf8b1aeb7d1b77,NVDA_1h_artifacts/xgb_prob_nvda_1h_v1.pkl,backtest,backtest
2025-02-27 17:30:00+00:00,2025-02-27 18:30:00+00:00,NVDA,LONG,1.0,127.61000061035156,123.73554514750946,-278.80306101085495,-0.01600770419424813,stop_loss,06cf8b1aeb7d1b77,NVDA_1h_artifacts/xgb_prob_nvda_1h_v1.pkl,backtest,backtest
2025-02-27 20:30:00+00:00,2025-02-28 14:30:00+00:00,NVDA,LONG,1.0,120.01000213623048,120.00308032978327,-8.851831092506757,-0.0005246448650264579,stop_loss,06cf8b1aeb7d1b77,NVDA_1h_artifacts/xgb_prob_nvda_1h_v1.pkl,backtest,backtest
2025-02-28 19:30:00+00:00,2025-02-28 20:30:00+00:00,NVDA,LONG,1.0,121.88500213623048,124.12429100296013,-160.58130533974645,-0.009575052597497469,stop_loss,06cf8b1aeb7d1b77,NVDA_1h_artifacts/xgb_prob_nvda_1h_v1.pkl,backtest,backtest
2025-03-03 14:30:00+00:00,2025-03-03 15:30:00+00:00,NVDA,LONG,1.0,119.51000213623048,118.63316208900234,49.01826433821866,0.0028938621091050276,stop_loss,06cf8b1aeb7d1b77,NVDA_1h_artifacts/xgb_prob_nvda_1h_v1.pkl,backtest,backtest
2025-03-03 16:30:00+00:00,2025-03-03 17:30:00+00:00,NVDA,LONG,1.0,118.41000366210938,114.62404988821076,248.06608977827605,0.014563000847260366,stop_loss,06cf8b1aeb7d1b77,NVDA_1h_artifacts/xgb_prob_nvda_1h_v1.pkl,backtest,backtest
2025-03-03 20:30:00+00:00,2025-03-04 14:30:00+00:00,NVDA,LONG,1.0,114.01000213623048,111.4170239141848,-184.49293429180003,-0.010731203568169478,stop_loss,06cf8b1aeb7d1b77,NVDA_1h_artifacts/xgb_prob_nvda_1h_v1.pkl,backtest,backtest
2025-03-04 15:30:00+00:00,2025-03-04 16:30:00+00:00,NVDA,LONG,1.0,111.83000183105467,116.479040241886,286.5143231324141,0.016839367575133046,trailing_stop,06cf8b1aeb7d1b77,NVDA_1h_artifacts/xgb_prob_nvda_1h_v1.pkl,backtest,backtest
2025-03-04 18:30:00+00:00,2025-03-04 19:30:00+00:00,NVDA,LONG,1.0,117.7698974609375,119.18642877052376,81.05057353720912,0.0046568775862039224,trailing_stop,06cf8b1aeb7d1b77,NVDA_1h_artifacts/xgb_prob_nvda_1h_v1.pkl,backtest,backtest
2025-03-04 20:30:00+00:00,2025-03-05 14:30:00+00:00,NVDA,LONG,1.0,115.95999908447266,114.76154537495158,72.55983436676993,0.004106981126252851,stop_loss,06cf8b1aeb7d1b77,NVDA_1h_artifacts/xgb_prob_nvda_1h_v1.pkl,backtest,backtest
2025-03-05 20:30:00+00:00,2025-03-06 14:30:00+00:00,NVDA,LONG,1.0,117.29000091552734,112.40434008064896,368.46545585555333,0.020619877064297354,stop_loss,06cf8b1aeb7d1b77,NVDA_1h_artifacts/xgb_prob_nvda_1h_v1.pkl,backtest,backtest
2025-03-06 15:30:00+00:00,2025-03-06 16:30:00+00:00,NVDA,LONG,1.0,114.05999755859376,111.31780166083313,201.9186998345135,0.011040541215466382,stop_loss,06cf8b1aeb7d1b77,NVDA_1h_artifacts/xgb_prob_nvda_1h_v1.pkl,backtest,backtest
2025-03-07 15:30:00+00:00,2025-03-07 16:30:00+00:00,NVDA,LONG,1.0,109.6999969482422,107.79817377579596,-171.48088371408798,-0.00941647308956639,stop_loss,06cf8b1aeb7d1b77,NVDA_1h_artifacts/xgb_prob_nvda_1h_v1.pkl,backtest,backtest
2025-03-07 17:30:00+00:00,2025-03-07 18:30:00+00:00,NVDA,LONG,1.0,110.50890350341795,112.25113449871876,-151.1309280177975,-0.008440772976950672,stop_loss,06cf8b1aeb7d1b77,NVDA_1h_artifacts/xgb_prob_nvda_1h_v1.pkl,backtest,backtest
2025-03-10 13:30:00+00:00,2025-03-10 14:30:00+00:00,NVDA,LONG,1.0,108.06439971923828,106.27966889344104,143.09176386945398,0.007892641840248293,stop_loss,06cf8b1aeb7d1b77,NVDA_1h_artifacts/xgb_prob_nvda_1h_v1.pkl,backtest,backtest
2025-03-10 19:30:00+00:00,2025-03-11 13:30:00+00:00,NVDA,LONG,1.0,107.0199966430664,110.90041116179614,345.15242137560074,0.018878061148329905,trailing_stop,06cf8b1aeb7d1b77,NVDA_1h_artifacts/xgb_prob_nvda_1h_v1.pkl,backtest,backtest
2025-03-11 17:30:00+00:00,2025-03-11 18:30:00+00:00,NVDA,LONG,1.0,110.43000030517578,112.15594414637467,-150.3019706362707,-0.008133087096233726,stop_loss,06cf8b1aeb7d1b77,NVDA_1h_artifacts/xgb_prob_nvda_1h_v1.pkl,backtest,backtest
2025-03-11 19:30:00+00:00,2025-03-12 13:30:00+00:00,NVDA,LONG,1.0,108.63999938964844,114.15940260179396,-475.133133189285,-0.025684576887109345,stop_loss,06cf8b1aeb7d1b77,NVDA_1h_artifacts/xgb_prob_nvda_1h_v1.pkl,backtest,backtest
2025-03-14 19:30:00+00:00,2025-03-17 13:30:00+00:00,NVDA,LONG,1.0,121.4499969482422,122.81166018011913,127.29786673230548,0.007049819468620155,trailing_stop,06cf8b1aeb7d1b77,NVDA_1h_artifacts/xgb_prob_nvda_1h_v1.pkl,backtest,backtest
2025-03-17 16:30:00+00:00,2025-03-17 17:30:00+00:00,NVDA,LONG,1.0,119.17489624023438,120.49539320174041,131.84031360705228,0.0071910658613039136,trailing_stop,06cf8b1aeb7d1b77,NVDA_1h_artifacts/xgb_prob_nvda_1h_v1.pkl,backtest,backtest
2025-03-17 19:30:00+00:00,2025-03-18 13:30:00+00:00,NVDA,LONG,1.0,119.4800033569336,118.14139688038973,-171.32182175147113,-0.009345570975464623,stop_loss,06cf8b1aeb7d1b77,NVDA_1h_artifacts/xgb_prob_nvda_1h_v1.pkl,backtest,backtest
2025-03-18 15:30:00+00:00,2025-03-18 16:30:00+00:00,NVDA,LONG,1.0,117.63999938964844,118.94518752234454,129.24806888189755,0.0070842567441802284,trailing_stop,06cf8b1aeb7d1b77,NVDA_1h_artifacts/xgb_prob_nvda_1h_v1.pkl,backtest,backtest
2025-03-19 14:30:00+00:00,2025-03-19 15:30:00+00:00,NVDA,LONG,1.0,117.24500274658205,118.02526623419156,72.52372437487776,0.003932445010701668,trailing_stop,06cf8b1aeb7d1b77,NVDA_1h_artifacts/xgb_prob_nvda_1h_v1.pkl,backtest,backtest
2025-03-19 17:30:00+00:00,2025-03-19 18:30:00+00:00,NVDA,LONG,1.0,118.53600311279295,120.37639548708339,208.34401857537043,0.011182410939337917,trailing_stop,06cf8b1aeb7d1b77,NVDA_1h_artifacts/xgb_prob_nvda_1h_v1.pkl,backtest,backtest
2025-03-20 13:30:00+00:00,2025-03-20 14:30:00+00:00,NVDA,LONG,1.0,118.9000015258789,119.83198479167153,93.9613515889559,0.004948922695433344,trailing_stop,06cf8b1aeb7d1b77,NVDA_1h_artifacts/xgb_prob_nvda_1h_v1.pkl,backtest,backtest
2025-03-20 15:30:00+00:00,2025-03-20 16:30:00+00:00,NVDA,LONG,1.0,118.29000091552734,117.8917236693339,34.1248096888247,0.0017748056917656907,stop_loss,06cf8b1aeb7d1b77,NVDA_1h_artifacts/xgb_prob_nvda_1h_v1.pkl,backtest,backtest
2025-03-20 19:30:00+00:00,2025-03-21 13:30:00+00:00,NVDA,LONG,1.0,118.47000122070312,115.89508878849753,-354.5145043929954,-0.018423066223937856,stop_loss,06cf8b1aeb7d1b77,NVDA_1h_artifacts/xgb_prob_nvda_1h_v1.pkl,backtest,backtest
2025-03-21 15:30:00+00:00,2025-03-21 16:30:00+00:00,NVDA,LONG,1.0,117.3499984741211,117.92555513433625,60.22300943363979,0.0031674958745531168,trailing_stop,06cf8b1aeb7d1b77,NVDA_1h_artifacts/xgb_prob_nvda_1h_v1.pkl,backtest,backtest
2025-03-21 19:30:00+00:00,2025-03-24 13:30:00+00:00,NVDA,LONG,1.0,117.63500213623048,121.01226084641718,483.5810647288352,0.025197220083830185,trailing_stop,06cf8b1aeb7d1b77,NVDA_1h_artifacts/xgb_prob_nvda_1h_v1.pkl,backtest,backtest
2025-03-24 14:30:00+00:00,2025-03-24 15:30:00+00:00,NVDA,LONG,1.0,122.04000091552734,122.15606576759218,-0.8387367524842482,-4.220146664268842e-05,trailing_stop,06cf8b1aeb7d1b77,NVDA_1h_artifacts/xgb_prob_nvda_1h_v1.pkl,backtest,backtest
2025-03-24 19:30:00+00:00,2025-03-25 13:30:00+00:00,NVDA,LONG,1.0,121.2300033569336,120.0684838171887,-208.26627216941063,-0.010571541599225576,stop_loss,06cf8b1aeb7d1b77,NVDA_1h_artifacts/xgb_prob_nvda_1h_v1.pkl,backtest,backtest
2025-03-25 15:30:00+00:00,2025-03-25 16:30:00+00:00,NVDA,LONG,1.0,120.6602020263672,121.35659615244943,93.3292608701075,0.004765759714243867,trailing_stop,06cf8b1aeb7d1b77,NVDA_1h_artifacts/xgb_prob_nvda_1h_v1.pkl,backtest,backtest
2025-03-25 19:30:00+00:00,2025-03-26 13:30:00+00:00,NVDA,LONG,1.0,120.6449966430664,114.50306211451353,980.6300103765864,0.049858243315115125,stop_loss,06cf8b1aeb7d1b77,NVDA_1h_artifacts/xgb_prob_nvda_1h_v1.pkl,backtest,backtest
2025-03-26 14:30:00+00:00,2025-03-26 15:30:00+00:00,NVDA,LONG,1.0,115.16500091552734,113.6288720015126,223.6830856722305,0.010846324691544007,stop_loss,06cf8b1aeb7d1b77,NVDA_1h_artifacts/xgb_prob_nvda_1h_v1.pkl,backtest,backtest
2025-03-27 15:30:00+00:00,2025-03-27 16:30:00+00:00,NVDA,LONG,1.0,112.50499725341795,111.73748440010979,-140.09348725057436,-0.006792499969095145,stop_loss,06cf8b1aeb7d1b77,NVDA_1h_artifacts/xgb_prob_nvda_1h_v1.pkl,backtest,backtest
2025-03-27 19:30:00+00:00,2025-03-28 13:30:00+00:00,NVDA,LONG,1.0,111.43000030517578,109.77786180947666,-282.7930659416555,-0.013845479660597904,stop_loss,06cf8b1aeb7d1b77,NVDA_1h_artifacts/xgb_prob_nvda_1h_v1.pkl,backtest,backtest
2025-03-28 19:30:00+00:00,2025-03-31 13:30:00+00:00,NVDA,LONG,1.0,109.63999938964844,103.70253681343785,1011.4359557075226,0.049994146628739466,stop_loss,06cf8b1aeb7d1b77,NVDA_1h_artifacts/xgb_prob_nvda_1h_v1.pkl,backtest,backtest
2025-03-31 14:30:00+00:00,2025-03-31 15:30:00+00:00,NVDA,LONG,1.0,105.1895980834961,105.9446407475512,94.56059952905437,0.004415158487093063,trailing_stop,06cf8b1aeb7d1b77,NVDA_1h_artifacts/xgb_prob_nvda_1h_v1.pkl,backtest,backtest
2025-04-01 13:30:00+00:00,2025-04-01 14:30:00+00:00,NVDA,LONG,1.0,107.12999725341795,107.14020385102243,-17.890007186425194,-0.0008220951489443795,stop_loss,06cf8b1aeb7d1b77,NVDA_1h_artifacts/xgb_prob_nvda_1h_v1.pkl,backtest,backtest
2025-04-02 15:30:00+00:00,2025-04-02 16:30:00+00:00,NVDA,LONG,1.0,111.15239715576172,111.9113659083716,91.31455754827212,0.004205342427699765,trailing_stop,06cf8b1aeb7d1b77,NVDA_1h_artifacts/xgb_prob_nvda_1h_v1.pkl,backtest,backtest
2025-04-02 17:30:00+00:00,2025-04-02 18:30:00+00:00,NVDA,LONG,1.0,109.3249969482422,108.91888631264796,43.474378776542366,0.00197061958914424,stop_loss,06cf8b1aeb7d1b77,NVDA_1h_artifacts/xgb_prob_nvda_1h_v1.pkl,backtest,backtest
2025-04-02 19:30:00+00:00,2025-04-03 13:30:00+00:00,NVDA,LONG,1.0,110.37999725341795,107.43248016673327,-455.78134233905223,-0.02053307401644866,stop_loss,06cf8b1aeb7d1b77,NVDA_1h_artifacts/xgb_prob_nvda_1h_v1.pkl,backtest,backtest
2025-04-03 14:30:00+00:00,2025-04-03 15:30:00+00:00,NVDA,LONG,1.0,102.96990203857422,102.97030001508367,-12.23984140533041,-0.0005568752825025891,stop_loss,06cf8b1aeb7d1b77,NVDA_1h_artifacts/xgb_prob_nvda_1h_v1.pkl,backtest,backtest
2025-04-03 19:30:00+00:00,2025-04-04 13:30:00+00:00,NVDA,LONG,1.0,102.01000213623048,100.08771540095528,-264.4309345796092,-0.0120325141990838,stop_loss,06cf8b1aeb7d1b77,NVDA_1h_artifacts/xgb_prob_nvda_1h_v1.pkl,backtest,backtest
2025-04-04 16:30:00+00:00,2025-04-04 17:30:00+00:00,NVDA,LONG,1.0,94.10009765625,96.03845228266847,196.83882795988427,0.00904503067225626,trailing_stop,06cf8b1aeb7d1b77,NVDA_1h_artifacts/xgb_prob_nvda_1h_v1.pkl,backtest,backtest
2025-04-04 18:30:00+00:00,2025-04-04 19:30:00+00:00,NVDA,LONG,1.0,95.16500091552734,96.28837906827236,110.06750493625539,0.004986451968816086,trailing_stop,06cf8b1aeb7d1b77,NVDA_1h_artifacts/xgb_prob_nvda_1h_v1.pkl,backtest,backtest
2025-04-07 13:30:00+00:00,2025-04-07 14:30:00+00:00,NVDA,LONG,1.0,93.61000061035156,98.15329611248814,352.10703859397177,0.015918020043892867,trailing_stop,06cf8b1aeb7d1b77,NVDA_1h_artifacts/xgb_prob_nvda_1h_v1.pkl,backtest,backtest
2025-04-07 15:30:00+00:00,2025-04-07 16:30:00+00:00,NVDA,LONG,1.0,95.87000274658205,98.18422300465143,162.75370006261002,0.007197252711980573,trailing_stop,06cf8b1aeb7d1b77,NVDA_1h_artifacts/xgb_prob_nvda_1h_v1.pkl,backtest,backtest
2025-04-08 14:30:00+00:00,2025-04-08 15:30:00+00:00,NVDA,LONG,1.0,102.05999755859376,101.08985545727111,65.69434377898808,0.0028650777009635586,stop_loss,06cf8b1aeb7d1b77,NVDA_1h_artifacts/xgb_prob_nvda_1h_v1.pkl,backtest,backtest
2025-04-08 18:30:00+00:00,2025-04-08 19:30:00+00:00,NVDA,LONG,1.0,96.31999969482422,94.60131373909088,124.81553466996864,0.005331249109451708,stop_loss,06cf8b1aeb7d1b77,NVDA_1h_artifacts/xgb_prob_nvda_1h_v1.pkl,backtest,backtest
2025-04-09 16:30:00+00:00,2025-04-09 17:30:00+00:00,NVDA,LONG,1.0,106.47000122070312,104.57398550483397,111.53994662277178,0.0048817977914041855,stop_loss,06cf8b1aeb7d1b77,NVDA_1h_artifacts/xgb_prob_nvda_1h_v1.pkl,backtest,backtest
2025-04-09 19:30:00+00:00,2025-04-10 13:30:00+00:00,NVDA,LONG,1.0,114.25,107.27328637706198,-438.48261473488304,-0.019028271257214402,stop_loss,06cf8b1aeb7d1b77,NVDA_1h_artifacts/xgb_prob_nvda_1h_v1.pkl,backtest,backtest
2025-04-10 19:30:00+00:00,2025-04-11 13:30:00+00:00,NVDA,LONG,1.0,107.6999969482422,110.53222426383357,173.74408636991134,0.007677306062727318,trailing_stop,06cf8b1aeb7d1b77,NVDA_1h_artifacts/xgb_prob_nvda_1h_v1.pkl,backtest,backtest
2025-04-11 19:30:00+00:00,2025-04-14 13:30:00+00:00,NVDA,LONG,1.0,110.69000244140624,114.16797806264238,281.98314413783174,0.012347739956185544,trailing_stop,06cf8b1aeb7d1b77,NVDA_1h_artifacts/xgb_prob_nvda_1h_v1.pkl,backtest,backtest
2025-04-16 13:30:00+00:00,2025-04-16 14:30:00+00:00,NVDA,LONG,1.0,105.5199966430664,103.89468005854938,181.81672913631263,0.007669671516210563,stop_loss,06cf8b1aeb7d1b77,NVDA_1h_artifacts/xgb_prob_nvda_1h_v1.pkl,backtest,backtest
2025-04-16 16:30:00+00:00,2025-04-16 17:30:00+00:00,NVDA,LONG,1.0,103.93499755859376,101.83210675341462,240.41125808541784,0.010008029084507264,stop_loss,06cf8b1aeb7d1b77,NVDA_1h_artifacts/xgb_prob_nvda_1h_v1.pkl,backtest,backtest
2025-04-16 19:30:00+00:00,2025-04-17 13:30:00+00:00,NVDA,LONG,1.0,104.5,104.38024291215825,-26.806991444776607,-0.0010864084773971605,trailing_stop,06cf8b1aeb7d1b77,NVDA_1h_artifacts/xgb_prob_nvda_1h_v1.pkl,backtest,backtest
2025-04-17 19:30:00+00:00,2025-04-21 13:30:00+00:00,NVDA,LONG,1.0,101.41000366210938,98.61316265162728,-409.69201952571143,-0.016667373472276092,stop_loss,06cf8b1aeb7d1b77,NVDA_1h_artifacts/xgb_prob_nvda_1h_v1.pkl,backtest,backtest
2025-04-21 19:30:00+00:00,2025-04-22 13:30:00+00:00,NVDA,LONG,1.0,96.8000030517578,99.30900727617849,364.61261309475026,0.015090124470710009,trailing_stop,06cf8b1aeb7d1b77,NVDA_1h_artifacts/xgb_prob_nvda_1h_v1.pkl,backtest,backtest
2025-04-23 13:30:00+00:00,2025-04-23 14:30:00+00:00,NVDA,LONG,1.0,104.18499755859376,101.47011837515144,340.9914888932342,0.014340746289769335,stop_loss,06cf8b1aeb7d1b77,NVDA_1h_artifacts/xgb_prob_nvda_1h_v1.pkl,backtest,backtest
2025-04-24 13:30:00+00:00,2025-04-24 14:30:00+00:00,NVDA,LONG,1.0,105.3686981201172,105.91112684397876,68.13949397924901,0.0028149510855819404,trailing_stop,06cf8b1aeb7d1b77,NVDA_1h_artifacts/xgb_prob_nvda_1h_v1.pkl,backtest,backtest
2025-04-24 19:30:00+00:00,2025-04-25 13:30:00+00:00,NVDA,LONG,1.0,106.37999725341795,108.03481433665672,258.40809955360646,0.01057743685695356,trailing_stop,06cf8b1aeb7d1b77,NVDA_1h_artifacts/xgb_prob_nvda_1h_v1.pkl,backtest,backtest
2025-04-25 15:30:00+00:00,2025-04-25 16:30:00+00:00,NVDA,LONG,1.0,109.4749984741211,111.86187456707647,429.6676461520388,0.017485224040520553,trailing_stop,06cf8b1aeb7d1b77,NVDA_1h_artifacts/xgb_prob_nvda_1h_v1.pkl,backtest,backtest
2025-04-25 18:30:00+00:00,2025-04-25 19:30:00+00:00,NVDA,LONG,1.0,110.73500061035156,110.26222784426797,66.54620171303804,0.00264198319447706,stop_loss,06cf8b1aeb7d1b77,NVDA_1h_artifacts/xgb_prob_nvda_1h_v1.pkl,backtest,backtest
2025-04-28 13:30:00+00:00,2025-04-28 14:30:00+00:00,NVDA,LONG,1.0,108.52519989013672,106.44694772117421,371.7122193520739,0.01447681032143966,stop_loss,06cf8b1aeb7d1b77,NVDA_1h_artifacts/xgb_prob_nvda_1h_v1.pkl,backtest,backtest
2025-04-28 18:30:00+00:00,2025-04-28 19:30:00+00:00,NVDA,LONG,1.0,108.19000244140624,108.79033666187088,96.36563007191955,0.003677833844978773,trailing_stop,06cf8b1aeb7d1b77,NVDA_1h_artifacts/xgb_prob_nvda_1h_v1.pkl,backtest,backtest
2025-04-29 16:30:00+00:00,2025-04-29 17:30:00+00:00,NVDA,LONG,1.0,108.73500061035156,110.14024280554563,256.71726958429895,0.009762821402391264,trailing_stop,06cf8b1aeb7d1b77,NVDA_1h_artifacts/xgb_prob_nvda_1h_v1.pkl,backtest,backtest
2025-04-29 19:30:00+00:00,2025-04-30 13:30:00+00:00,NVDA,LONG,1.0,108.91999816894533,104.1319635098812,1083.1049397739,0.040661321058899524,stop_loss,06cf8b1aeb7d1b77,NVDA_1h_artifacts/xgb_prob_nvda_1h_v1.pkl,backtest,backtest
2025-04-30 16:30:00+00:00,2025-04-30 17:30:00+00:00,NVDA,LONG,1.0,106.47000122070312,107.71346895221133,250.64452729135934,0.00900769296188697,trailing_stop,06cf8b1aeb7d1b77,NVDA_1h_artifacts/xgb_prob_nvda_1h_v1.pkl,backtest,backtest
2025-04-30 18:30:00+00:00,2025-04-30 19:30:00+00:00,NVDA,LONG,1.0,107.25499725341795,108.82544634298273,338.241490413993,0.012051942777757008,trailing_stop,06cf8b1aeb7d1b77,NVDA_1h_artifacts/xgb_prob_nvda_1h_v1.pkl,backtest,backtest
2025-05-01 13:30:00+00:00,2025-05-01 14:30:00+00:00,NVDA,LONG,1.0,113.33000183105467,110.99411782972341,396.35412208438584,0.014408274955821865,stop_loss,06cf8b1aeb7d1b77,NVDA_1h_artifacts/xgb_prob_nvda_1h_v1.pkl,backtest,backtest
2025-05-01 18:30:00+00:00,2025-05-01 19:30:00+00:00,NVDA,LONG,1.0,113.0,111.4891752911524,-325.22791785704277,-0.01178462719791007,stop_loss,06cf8b1aeb7d1b77,NVDA_1h_artifacts/xgb_prob_nvda_1h_v1.pkl,backtest,backtest
2025-05-02 13:30:00+00:00,2025-05-02 14:30:00+00:00,NVDA,LONG,1.0,113.90499877929688,114.73345445122662,130.88527013845663,0.004726891432308866,trailing_stop,06cf8b1aeb7d1b77,NVDA_1h_artifacts/xgb_prob_nvda_1h_v1.pkl,backtest,backtest
2025-05-02 19:30:00+00:00,2025-05-05 13:30:00+00:00,NVDA,LONG,1.0,114.38999938964844,112.82470995285584,329.09667784852826,0.011929414480080336,stop_loss,06cf8b1aeb7d1b77,NVDA_1h_artifacts/xgb_prob_nvda_1h_v1.pkl,backtest,backtest
2025-05-05 19:30:00+00:00,2025-05-06 13:30:00+00:00,NVDA,LONG,1.0,113.80999755859376,110.86824726209927,695.1630621724992,0.02482205965416151,stop_loss,06cf8b1aeb7d1b77,NVDA_1h_artifacts/xgb_prob_nvda_1h_v1.pkl,backtest,backtest
2025-05-06 17:30:00+00:00,2025-05-06 18:30:00+00:00,NVDA,LONG,1.0,113.68000030517578,114.28522329107204,-179.5244851090727,-0.006318593959247609,stop_loss,06cf8b1aeb7d1b77,NVDA_1h_artifacts/xgb_prob_nvda_1h_v1.pkl,backtest,backtest
2025-05-06 19:30:00+00:00,2025-05-07 13:30:00+00:00,NVDA,LONG,1.0,113.44499969482422,112.66123665642262,167.60141105661486,0.005901840340865494,stop_loss,06cf8b1aeb7d1b77,NVDA_1h_artifacts/xgb_prob_nvda_1h_v1.pkl,backtest,backtest
2025-05-07 19:30:00+00:00,2025-05-08 13:30:00+00:00,NVDA,LONG,1.0,117.0199966430664,118.53645093801424,333.6191165206737,0.011368819885198223,trailing_stop,06cf8b1aeb7d1b77,NVDA_1h_artifacts/xgb_prob_nvda_1h_v1.pkl,backtest,backtest
2025-05-08 19:30:00+00:00,2025-05-09 13:30:00+00:00,NVDA,LONG,1.0,117.37000274658205,116.86005373833453,-156.15208076669606,-0.005340453670596101,stop_loss,06cf8b1aeb7d1b77,NVDA_1h_artifacts/xgb_prob_nvda_1h_v1.pkl,backtest,backtest
2025-05-09 19:30:00+00:00,2025-05-12 13:30:00+00:00,NVDA,LONG,1.0,116.62069702148438,118.0460082402455,-383.3737226145839,-0.013209547223680729,stop_loss,06cf8b1aeb7d1b77,NVDA_1h_artifacts/xgb_prob_nvda_1h_v1.pkl,backtest,backtest
2025-05-12 19:30:00+00:00,2025-05-13 13:30:00+00:00,NVDA,LONG,1.0,122.98999786376952,124.41073461171293,-355.68297286118434,-0.012540092981931705,stop_loss,06cf8b1aeb7d1b77,NVDA_1h_artifacts/xgb_prob_nvda_1h_v1.pkl,backtest,backtest
2025-05-13 15:30:00+00:00,2025-05-13 16:30:00+00:00,NVDA,LONG,1.0,130.4600067138672,130.92536121060587,65.09093793412468,0.002306124554841027,trailing_stop,06cf8b1aeb7d1b77,NVDA_1h_artifacts/xgb_prob_nvda_1h_v1.pkl,backtest,backtest
2025-05-13 19:30:00+00:00,2025-05-14 13:30:00+00:00,NVDA,LONG,1.0,129.83999633789062,132.4111857989549,-584.4034491729388,-0.02068259343142198,stop_loss,06cf8b1aeb7d1b77,NVDA_1h_artifacts/xgb_prob_nvda_1h_v1.pkl,backtest,backtest
2025-05-14 14:30:00+00:00,2025-05-14 15:30:00+00:00,NVDA,LONG,1.0,134.15499877929688,135.04295427536582,139.5570245033495,0.004997712722224046,trailing_stop,06cf8b1aeb7d1b77,NVDA_1h_artifacts/xgb_prob_nvda_1h_v1.pkl,backtest,backtest
2025-05-14 19:30:00+00:00,2025-05-15 13:30:00+00:00,NVDA,LONG,1.0,135.34710693359375,132.7193209726903,509.86323230365116,0.018395746495198928,stop_loss,06cf8b1aeb7d1b77,NVDA_1h_artifacts/xgb_prob_nvda_1h_v1.pkl,backtest,backtest
2025-05-15 14:30:00+00:00,2025-05-15 15:30:00+00:00,NVDA,LONG,1.0,134.38499450683594,135.18730697180354,134.99075376569357,0.004749029761226042,trailing_stop,06cf8b1aeb7d1b77,NVDA_1h_artifacts/xgb_prob_nvda_1h_v1.pkl,backtest,backtest
2025-05-19 14:30:00+00:00,2025-05-19 15:30:00+00:00,NVDA,LONG,1.0,134.9250030517578,133.37073868500974,-346.75026784074083,-0.01250794935899091,stop_loss,06cf8b1aeb7d1b77,NVDA_1h_artifacts/xgb_prob_nvda_1h_v1.pkl,backtest,backtest
2025-05-19 16:30:00+00:00,2025-05-19 17:30:00+00:00,NVDA,LONG,1.0,135.27499389648438,133.23319182476706,-439.88492639763786,-0.016078620304403546,stop_loss,06cf8b1aeb7d1b77,NVDA_1h_artifacts/xgb_prob_nvda_1h_v1.pkl,backtest,backtest
2025-05-19 19:30:00+00:00,2025-05-20 13:30:00+00:00,NVDA,LONG,1.0,135.49000549316406,133.09105989443103,-504.05627632038374,-0.018687995837118998,stop_loss,06cf8b1aeb7d1b77,NVDA_1h_artifacts/xgb_prob_nvda_1h_v1.pkl,backtest,backtest
2025-05-21 14:30:00+00:00,2025-05-21 15:30:00+00:00,NVDA,LONG,1.0,135.87579345703125,135.88338309924552,-27.60858297707447,-0.001055801349005292,stop_loss,06cf8b1aeb7d1b77,NVDA_1h_artifacts/xgb_prob_nvda_1h_v1.pkl,backtest,backtest
2025-05-21 16:30:00+00:00,2025-05-21 17:30:00+00:00,NVDA,LONG,1.0,133.21499633789062,134.991617559326,307.13177585886876,0.012104912030819204,stop_loss,06cf8b1aeb7d1b77,NVDA_1h_artifacts/xgb_prob_nvda_1h_v1.pkl,backtest,backtest
2025-05-21 18:30:00+00:00,2025-05-21 19:30:00+00:00,NVDA,LONG,1.0,131.07870483398438,131.1371171073738,-33.421358452421224,-0.0012873867102302095,stop_loss,06cf8b1aeb7d1b77,NVDA_1h_artifacts/xgb_prob_nvda_1h_v1.pkl,backtest,backtest
2025-05-22 13:30:00+00:00,2025-05-22 14:30:00+00:00,NVDA,LONG,1.0,133.0399932861328,133.43199636665224,44.2764381009475,0.0016945222836304286,trailing_stop,06cf8b1aeb7d1b77,NVDA_1h_artifacts/xgb_prob_nvda_1h_v1.pkl,backtest,backtest
2025-05-23 16:30:00+00:00,2025-05-23 17:30:00+00:00,NVDA,LONG,1.0,131.9499969482422,132.62071493669475,107.37906873574232,0.004055829318031945,trailing_stop,06cf8b1aeb7d1b77,NVDA_1h_artifacts/xgb_prob_nvda_1h_v1.pkl,backtest,backtest
2025-05-23 19:30:00+00:00,2025-05-27 13:30:00+00:00,NVDA,LONG,1.0,131.30999755859375,135.34429110667406,786.6402005207229,0.02969270679663083,trailing_stop,06cf8b1aeb7d1b77,NVDA_1h_artifacts/xgb_prob_nvda_1h_v1.pkl,backtest,backtest
2025-05-28 16:30:00+00:00,2025-05-28 17:30:00+00:00,NVDA,LONG,1.0,136.4499969482422,137.20394891640592,122.4206518431803,0.0045199562699975715,trailing_stop,06cf8b1aeb7d1b77,NVDA_1h_artifacts/xgb_prob_nvda_1h_v1.pkl,backtest,backtest
2025-05-28 18:30:00+00:00,2025-05-28 19:30:00+00:00,NVDA,LONG,1.0,136.8300018310547,135.19416212052514,-352.20716836124933,-0.01294331542023075,stop_loss,06cf8b1aeb7d1b77,NVDA_1h_artifacts/xgb_prob_nvda_1h_v1.pkl,backtest,backtest
2025-05-29 13:30:00+00:00,2025-05-29 14:30:00+00:00,NVDA,LONG,1.0,140.61929321289062,141.8723739585304,197.59822008537765,0.0070894272083725784,trailing_stop,06cf8b1aeb7d1b77,NVDA_1h_artifacts/xgb_prob_nvda_1h_v1.pkl,backtest,backtest
2025-05-29 16:30:00+00:00,2025-05-29 17:30:00+00:00,NVDA,LONG,1.0,139.875,137.97647583783814,333.68360975858826,0.011952496473018215,stop_loss,06cf8b1aeb7d1b77,NVDA_1h_artifacts/xgb_prob_nvda_1h_v1.pkl,backtest,backtest
2025-05-30 13:30:00+00:00,2025-05-30 14:30:00+00:00,NVDA,LONG,1.0,137.36000061035156,136.85702522293187,-116.78235742849985,-0.004186638583115965,stop_loss,06cf8b1aeb7d1b77,NVDA_1h_artifacts/xgb_prob_nvda_1h_v1.pkl,backtest,backtest
2025-06-02 19:30:00+00:00,2025-06-03 13:30:00+00:00,NVDA,LONG,1.0,137.3699951171875,139.56595188208306,-472.44962894818167,-0.016969723273697612,stop_loss,06cf8b1aeb7d1b77,NVDA_1h_artifacts/xgb_prob_nvda_1h_v1.pkl,backtest,backtest
2025-06-05 13:30:00+00:00,2025-06-05 14:30:00+00:00,NVDA,LONG,1.0,141.97830200195312,143.1987759389502,208.05761848368576,0.007587604203375342,trailing_stop,06cf8b1aeb7d1b77,NVDA_1h_artifacts/xgb_prob_nvda_1h_v1.pkl,backtest,backtest
2025-06-05 15:30:00+00:00,2025-06-05 16:30:00+00:00,NVDA,LONG,1.0,143.0050048828125,140.83370779652327,391.1508129383634,0.01416818093870531,stop_loss,06cf8b1aeb7d1b77,NVDA_1h_artifacts/xgb_prob_nvda_1h_v1.pkl,backtest,backtest
2025-06-05 17:30:00+00:00,2025-06-05 18:30:00+00:00,NVDA,LONG,1.0,140.71499633789062,138.88781988205022,336.9087189826603,0.011971959825813228,stop_loss,06cf8b1aeb7d1b77,NVDA_1h_artifacts/xgb_prob_nvda_1h_v1.pkl,backtest,backtest
2025-06-06 19:30:00+00:00,2025-06-09 13:30:00+00:00,NVDA,LONG,1.0,141.69000244140625,143.85364271675746,-458.297457483452,-0.016254969283875154,stop_loss,06cf8b1aeb7d1b77,NVDA_1h_artifacts/xgb_prob_nvda_1h_v1.pkl,backtest,backtest
2025-06-09 14:30:00+00:00,2025-06-09 15:30:00+00:00,NVDA,LONG,1.0,143.1800994873047,141.99922880005062,202.24586009762734,0.007239202380715071,stop_loss,06cf8b1aeb7d1b77,NVDA_1h_artifacts/xgb_prob_nvda_1h_v1.pkl,backtest,backtest
2025-06-10 17:30:00+00:00,2025-06-10 18:30:00+00:00,NVDA,LONG,1.0,143.11990356445312,144.23924928102915,190.55831363607112,0.0068132135573713,trailing_stop,06cf8b1aeb7d1b77,NVDA_1h_artifacts/xgb_prob_nvda_1h_v1.pkl,backtest,backtest
2025-06-11 14:30:00+00:00,2025-06-11 15:30:00+00:00,NVDA,LONG,1.0,144.1501007080078,142.82892111424846,-284.58765096317507,-0.010156139383066476,stop_loss,06cf8b1aeb7d1b77,NVDA_1h_artifacts/xgb_prob_nvda_1h_v1.pkl,backtest,backtest
2025-06-11 19:30:00+00:00,2025-06-12 13:30:00+00:00,NVDA,LONG,1.0,142.83999633789062,144.13034751519012,222.99200053576217,0.008024508955271292,trailing_stop,06cf8b1aeb7d1b77,NVDA_1h_artifacts/xgb_prob_nvda_1h_v1.pkl,backtest,backtest
2025-06-12 19:30:00+00:00,2025-06-13 13:30:00+00:00,NVDA,LONG,1.0,145.0,143.02405760047884,-410.36268302325317,-0.01461356177325257,stop_loss,06cf8b1aeb7d1b77,NVDA_1h_artifacts/xgb_prob_nvda_1h_v1.pkl,backtest,backtest
2025-06-13 14:30:00+00:00,2025-06-13 15:30:00+00:00,NVDA,LONG,1.0,142.91650390625,143.31860844365906,50.66287382518464,0.0018107490869996301,trailing_stop,06cf8b1aeb7d1b77,NVDA_1h_artifacts/xgb_prob_nvda_1h_v1.pkl,backtest,backtest
2025-06-13 17:30:00+00:00,2025-06-13 18:30:00+00:00,NVDA,LONG,1.0,141.60000610351562,141.47433400019202,-52.28394670516945,-0.0018866273009091605,stop_loss,06cf8b1aeb7d1b77,NVDA_1h_artifacts/xgb_prob_nvda_1h_v1.pkl,backtest,backtest
2025-06-13 19:30:00+00:00,2025-06-16 13:30:00+00:00,NVDA,LONG,1.0,141.9600067138672,144.84379266514037,534.8582158268389,0.019293759010089673,trailing_stop,06cf8b1aeb7d1b77,NVDA_1h_artifacts/xgb_prob_nvda_1h_v1.pkl,backtest,backtest
2025-06-16 19:30:00+00:00,2025-06-17 13:30:00+00:00,NVDA,LONG,1.0,144.6699981689453,144.02566838349213,-153.0206075352769,-0.005449336170696872,stop_loss,06cf8b1aeb7d1b77,NVDA_1h_artifacts/xgb_prob_nvda_1h_v1.pkl,backtest,backtest
2025-06-17 19:30:00+00:00,2025-06-18 13:30:00+00:00,NVDA,LONG,1.0,144.0399932861328,143.16065787620875,141.29629840038405,0.005098695608581005,stop_loss,06cf8b1aeb7d1b77,NVDA_1h_artifacts/xgb_prob_nvda_1h_v1.pkl,backtest,backtest
2025-06-20 13:30:00+00:00,2025-06-20 14:30:00+00:00,NVDA,LONG,1.0,144.625,143.97352650899862,-151.17796929731585,-0.005500065808196175,stop_loss,06cf8b1aeb7d1b77,NVDA_1h_artifacts/xgb_prob_nvda_1h_v1.pkl,backtest,backtest
2025-06-20 19:30:00+00:00,2025-06-23 13:30:00+00:00,NVDA,LONG,1.0,143.77999877929688,142.36380127146072,241.6683165319844,0.008839903479899158,stop_loss,06cf8b1aeb7d1b77,NVDA_1h_artifacts/xgb_prob_nvda_1h_v1.pkl,backtest,backtest
2025-06-23 15:30:00+00:00,2025-06-23 16:30:00+00:00,NVDA,LONG,1.0,142.92999267578125,142.13743358178715,-179.30210485580744,-0.00653954086247055,stop_loss,06cf8b1aeb7d1b77,NVDA_1h_artifacts/xgb_prob_nvda_1h_v1.pkl,backtest,backtest
2025-06-24 19:30:00+00:00,2025-06-25 13:30:00+00:00,NVDA,LONG,1.0,147.8300018310547,152.5192017793513,838.2210824419367,0.030688498209598514,trailing_stop,06cf8b1aeb7d1b77,NVDA_1h_artifacts/xgb_prob_nvda_1h_v1.pkl,backtest,backtest
2025-06-25 16:30:00+00:00,2025-06-25 17:30:00+00:00,NVDA,LONG,1.0,153.89999389648438,153.9580283237233,-17.678389909425718,-0.0006232852819298973,trailing_stop,06cf8b1aeb7d1b77,NVDA_1h_artifacts/xgb_prob_nvda_1h_v1.pkl,backtest,backtest
2025-06-25 19:30:00+00:00,2025-06-26 13:30:00+00:00,NVDA,LONG,1.0,154.30999755859375,156.4406050673732,363.2779629551575,0.012793512636551263,trailing_stop,06cf8b1aeb7d1b77,NVDA_1h_artifacts/xgb_prob_nvda_1h_v1.pkl,backtest,backtest
2025-06-26 19:30:00+00:00,2025-06-27 13:30:00+00:00,NVDA,LONG,1.0,155.0800018310547,157.03847255987324,-390.9704735202624,-0.013616148020304975,stop_loss,06cf8b1aeb7d1b77,NVDA_1h_artifacts/xgb_prob_nvda_1h_v1.pkl,backtest,backtest
2025-06-27 14:30:00+00:00,2025-06-27 15:30:00+00:00,NVDA,LONG,1.0,157.91009521484375,158.65977068554182,106.22823325916909,0.003742735378687634,trailing_stop,06cf8b1aeb7d1b77,NVDA_1h_artifacts/xgb_prob_nvda_1h_v1.pkl,backtest,backtest
2025-06-27 16:30:00+00:00,2025-06-27 17:30:00+00:00,NVDA,LONG,1.0,157.48500061035156,156.31933321937592,182.22185152153347,0.006394365933717783,stop_loss,06cf8b1aeb7d1b77,NVDA_1h_artifacts/xgb_prob_nvda_1h_v1.pkl,backtest,backtest
2025-06-30 19:30:00+00:00,2025-07-01 13:30:00+00:00,NVDA,LONG,1.0,157.8699951171875,154.43680748956473,590.9584731333429,0.0207251824037189,stop_loss,06cf8b1aeb7d1b77,NVDA_1h_artifacts/xgb_prob_nvda_1h_v1.pkl,backtest,backtest
2025-07-01 14:30:00+00:00,2025-07-01 15:30:00+00:00,NVDA,LONG,1.0,152.88499450683594,152.6766177365481,-67.89074510753946,-0.002361601210040365,stop_loss,06cf8b1aeb7d1b77,NVDA_1h_artifacts/xgb_prob_nvda_1h_v1.pkl,backtest,backtest
2025-07-01 16:30:00+00:00,2025-07-01 17:30:00+00:00,NVDA,LONG,1.0,154.27499389648438,154.82153948805757,73.16639878248043,0.0025391286182645523,trailing_stop,06cf8b1aeb7d1b77,NVDA_1h_artifacts/xgb_prob_nvda_1h_v1.pkl,backtest,backtest
2025-07-01 19:30:00+00:00,2025-07-02 13:30:00+00:00,NVDA,LONG,1.0,153.27999877929688,156.10252266897854,498.5528046556764,0.01739575540349514,trailing_stop,06cf8b1aeb7d1b77,NVDA_1h_artifacts/xgb_prob_nvda_1h_v1.pkl,backtest,backtest
2025-07-02 19:30:00+00:00,2025-07-03 13:30:00+00:00,NVDA,LONG,1.0,157.24000549316406,160.9279146960211,657.7859972779531,0.022430559431100727,trailing_stop,06cf8b1aeb7d1b77,NVDA_1h_artifacts/xgb_prob_nvda_1h_v1.pkl,backtest,backtest
2025-07-03 15:30:00+00:00,2025-07-07 13:30:00+00:00,NVDA,LONG,1.0,159.37969970703125,158.08676196947454,213.3601014078135,0.007104198980129928,stop_loss,06cf8b1aeb7d1b77,NVDA_1h_artifacts/xgb_prob_nvda_1h_v1.pkl,backtest,backtest
2025-07-07 19:30:00+00:00,2025-07-08 13:30:00+00:00,NVDA,LONG,1.0,158.24000549316406,159.5030915766886,-268.64479627593863,-0.0089741086554469,stop_loss,06cf8b1aeb7d1b77,NVDA_1h_artifacts/xgb_prob_nvda_1h_v1.pkl,backtest,backtest
2025-07-08 19:30:00+00:00,2025-07-09 13:30:00+00:00,NVDA,LONG,1.0,160.00010681152344,164.37752020001136,779.7842723487091,0.026331456598655656,trailing_stop,06cf8b1aeb7d1b77,NVDA_1h_artifacts/xgb_prob_nvda_1h_v1.pkl,backtest,backtest
2025-07-09 19:30:00+00:00,2025-07-10 13:30:00+00:00,NVDA,LONG,1.0,162.8300018310547,164.21968286581088,-289.1261398175748,-0.009526016938585125,stop_loss,06cf8b1aeb7d1b77,NVDA_1h_artifacts/xgb_prob_nvda_1h_v1.pkl,backtest,backtest
2025-07-10 15:30:00+00:00,2025-07-10 16:30:00+00:00,NVDA,LONG,1.0,163.2747039794922,163.61473684879152,32.622332751492955,0.0010804988657198145,trailing_stop,06cf8b1aeb7d1b77,NVDA_1h_artifacts/xgb_prob_nvda_1h_v1.pkl,backtest,backtest
2025-07-10 19:30:00+00:00,2025-07-11 13:30:00+00:00,NVDA,LONG,1.0,164.10499572753906,167.55227083861746,605.8757036766327,0.019985514918053227,trailing_stop,06cf8b1aeb7d1b77,NVDA_1h_artifacts/xgb_prob_nvda_1h_v1.pkl,backtest,backtest
2025-07-11 14:30:00+00:00,2025-07-11 15:30:00+00:00,NVDA,LONG,1.0,166.4949951171875,165.97990810880776,64.91429566874984,0.002090614952174219,stop_loss,06cf8b1aeb7d1b77,NVDA_1h_artifacts/xgb_prob_nvda_1h_v1.pkl,backtest,backtest
2025-07-11 17:30:00+00:00,2025-07-11 18:30:00+00:00,NVDA,LONG,1.0,165.68150329589844,164.8780693706109,120.07393163693703,0.0038444182084031997,stop_loss,06cf8b1aeb7d1b77,NVDA_1h_artifacts/xgb_prob_nvda_1h_v1.pkl,backtest,backtest
2025-07-11 19:30:00+00:00,2025-07-14 13:30:00+00:00,NVDA,LONG,1.0,164.8800048828125,163.59591281279876,-274.65723767472025,-0.008780251940527783,stop_loss,06cf8b1aeb7d1b77,NVDA_1h_artifacts/xgb_prob_nvda_1h_v1.pkl,backtest,backtest
2025-07-14 19:30:00+00:00,2025-07-15 13:30:00+00:00,NVDA,LONG,1.0,164.07000732421875,172.20472950288158,1495.7590787683196,0.04853121895353629,trailing_stop,06cf8b1aeb7d1b77,NVDA_1h_artifacts/xgb_prob_nvda_1h_v1.pkl,backtest,backtest
2025-07-16 15:30:00+00:00,2025-07-16 16:30:00+00:00,NVDA,LONG,1.0,170.39500427246094,171.36300954992404,151.00929605813107,0.004675267748104561,trailing_stop,06cf8b1aeb7d1b77,NVDA_1h_artifacts/xgb_prob_nvda_1h_v1.pkl,backtest,backtest
2025-07-16 19:30:00+00:00,2025-07-17 13:30:00+00:00,NVDA,LONG,1.0,171.33999633789062,172.70391031830297,-289.47258960677846,-0.00895231758815318,stop_loss,06cf8b1aeb7d1b77,NVDA_1h_artifacts/xgb_prob_nvda_1h_v1.pkl,backtest,backtest
2025-07-17 19:30:00+00:00,2025-07-18 13:30:00+00:00,NVDA,LONG,1.0,173.1114044189453,171.9815728451161,175.93633531496346,0.005520088875969442,stop_loss,06cf8b1aeb7d1b77,NVDA_1h_artifacts/xgb_prob_nvda_1h_v1.pkl,backtest,backtest
2025-07-18 19:30:00+00:00,2025-07-21 13:30:00+00:00,NVDA,LONG,1.0,172.38999938964844,173.33390089377986,143.07555357822466,0.004469908962038582,trailing_stop,06cf8b1aeb7d1b77,NVDA_1h_artifacts/xgb_prob_nvda_1h_v1.pkl,backtest,backtest
2025-07-21 14:30:00+00:00,2025-07-21 15:30:00+00:00,NVDA,LONG,1.0,172.6981964111328,171.6759252868325,-221.56804311381785,-0.006913488816899793,stop_loss,06cf8b1aeb7d1b77,NVDA_1h_artifacts/xgb_prob_nvda_1h_v1.pkl,backtest,backtest
2025-07-21 19:30:00+00:00,2025-07-22 13:30:00+00:00,NVDA,LONG,1.0,171.4600067138672,170.64575438676505,-181.03024165911918,-0.005744185483046782,stop_loss,06cf8b1aeb7d1b77,NVDA_1h_artifacts/xgb_prob_nvda_1h_v1.pkl,backtest,backtest
2025-07-22 14:30:00+00:00,2025-07-22 15:30:00+00:00,NVDA,LONG,1.0,167.86000061035156,168.5823007207302,104.36260866947933,0.0032986882380823257,trailing_stop,06cf8b1aeb7d1b77,NVDA_1h_artifacts/xgb_prob_nvda_1h_v1.pkl,backtest,backtest
2025-07-22 18:30:00+00:00,2025-07-22 19:30:00+00:00,NVDA,LONG,1.0,167.88499450683594,166.81454453317514,170.65949861161388,0.005369714737332387,stop_loss,06cf8b1aeb7d1b77,NVDA_1h_artifacts/xgb_prob_nvda_1h_v1.pkl,backtest,backtest
2025-07-23 13:30:00+00:00,2025-07-23 14:30:00+00:00,NVDA,LONG,1.0,169.1300048828125,169.7426432469149,84.65050630727777,0.002618670301359982,trailing_stop,06cf8b1aeb7d1b77,NVDA_1h_artifacts/xgb_prob_nvda_1h_v1.pkl,backtest,backtest
2025-07-23 16:30:00+00:00,2025-07-23 17:30:00+00:00,NVDA,LONG,1.0,169.03500366210938,171.20333521459452,381.44028872955096,0.011814879604834294,trailing_stop,06cf8b1aeb7d1b77,NVDA_1h_artifacts/xgb_prob_nvda_1h_v1.pkl,backtest,backtest
2025-07-23 19:30:00+00:00,2025-07-24 13:30:00+00:00,NVDA,LONG,1.0,170.8300018310547,173.39731809062656,457.6297751962155,0.0140134573308075,trailing_stop,06cf8b1aeb7d1b77,NVDA_1h_artifacts/xgb_prob_nvda_1h_v1.pkl,backtest,backtest
2025-07-24 15:30:00+00:00,2025-07-24 16:30:00+00:00,NVDA,LONG,1.0,172.94500732421875,173.62442293186217,97.2285514705451,0.00292457812189606,trailing_stop,06cf8b1aeb7d1b77,NVDA_1h_artifacts/xgb_prob_nvda_1h_v1.pkl,backtest,backtest
2025-07-24 19:30:00+00:00,2025-07-25 13:30:00+00:00,NVDA,LONG,1.0,173.77999877929688,174.6719914803387,137.7497733661359,0.004127751839108296,trailing_stop,06cf8b1aeb7d1b77,NVDA_1h_artifacts/xgb_prob_nvda_1h_v1.pkl,backtest,backtest
2025-07-25 19:30:00+00:00,2025-07-28 13:30:00+00:00,NVDA,LONG,1.0,173.49000549316406,175.18389994672467,-358.06148521233985,-0.0107538792179801,stop_loss,06cf8b1aeb7d1b77,NVDA_1h_artifacts/xgb_prob_nvda_1h_v1.pkl,backtest,backtest
2025-07-28 17:30:00+00:00,2025-07-28 18:30:00+00:00,NVDA,LONG,1.0,175.47500610351562,176.23415702687706,109.30162274663147,0.003321936150785465,trailing_stop,06cf8b1aeb7d1b77,NVDA_1h_artifacts/xgb_prob_nvda_1h_v1.pkl,backtest,backtest
2025-07-28 19:30:00+00:00,2025-07-29 13:30:00+00:00,NVDA,LONG,1.0,176.75,179.34015787107268,451.3469652218616,0.013639704176529488,trailing_stop,06cf8b1aeb7d1b77,NVDA_1h_artifacts/xgb_prob_nvda_1h_v1.pkl,backtest,backtest
2025-07-29 14:30:00+00:00,2025-07-29 15:30:00+00:00,NVDA,LONG,1.0,175.85989379882812,175.21929315945943,89.56185071659294,0.0026390334652504066,stop_loss,06cf8b1aeb7d1b77,NVDA_1h_artifacts/xgb_prob_nvda_1h_v1.pkl,backtest,backtest
2025-07-29 19:30:00+00:00,2025-07-30 13:30:00+00:00,NVDA,LONG,1.0,175.50999450683594,178.69221523328378,578.7786039607789,0.01711314799851782,trailing_stop,06cf8b1aeb7d1b77,NVDA_1h_artifacts/xgb_prob_nvda_1h_v1.pkl,backtest,backtest
2025-07-30 16:30:00+00:00,2025-07-30 17:30:00+00:00,NVDA,LONG,1.0,179.00669860839844,179.63018125418566,85.56366696982565,0.002479529916944667,trailing_stop,06cf8b1aeb7d1b77,NVDA_1h_artifacts/xgb_prob_nvda_1h_v1.pkl,backtest,backtest
2025-07-30 19:30:00+00:00,2025-07-31 13:30:00+00:00,NVDA,LONG,1.0,179.2899932861328,183.24138925474836,729.176425895437,0.021017093649767338,trailing_stop,06cf8b1aeb7d1b77,NVDA_1h_artifacts/xgb_prob_nvda_1h_v1.pkl,backtest,backtest
2025-08-01 13:30:00+00:00,2025-08-01 14:30:00+00:00,NVDA,LONG,1.0,174.97500610351562,175.18714789730973,7.2706120541354835,0.00021119956912540871,stop_loss,06cf8b1aeb7d1b77,NVDA_1h_artifacts/xgb_prob_nvda_1h_v1.pkl,backtest,backtest
2025-08-01 19:30:00+00:00,2025-08-04 13:30:00+00:00,NVDA,LONG,1.0,173.58999633789062,178.01877428641845,813.1724588111844,0.02348381249278164,trailing_stop,06cf8b1aeb7d1b77,NVDA_1h_artifacts/xgb_prob_nvda_1h_v1.pkl,backtest,backtest
2025-08-05 14:30:00+00:00,2025-08-05 15:30:00+00:00,NVDA,LONG,1.0,176.88499450683594,176.29204132561136,83.27276068954781,0.0023488438614869267,stop_loss,06cf8b1aeb7d1b77,NVDA_1h_artifacts/xgb_prob_nvda_1h_v1.pkl,backtest,backtest
2025-08-06 19:30:00+00:00,2025-08-07 13:30:00+00:00,NVDA,LONG,1.0,179.41000366210938,183.810910693417,842.1353816384069,0.02350535663862119,trailing_stop,06cf8b1aeb7d1b77,NVDA_1h_artifacts/xgb_prob_nvda_1h_v1.pkl,backtest,backtest
2025-08-07 15:30:00+00:00,2025-08-07 16:30:00+00:00,NVDA,LONG,1.0,181.1499938964844,179.48691811912147,299.9710406014344,0.008171475338469847,stop_loss,06cf8b1aeb7d1b77,NVDA_1h_artifacts/xgb_prob_nvda_1h_v1.pkl,backtest,backtest
2025-08-07 19:30:00+00:00,2025-08-08 13:30:00+00:00,NVDA,LONG,1.0,180.8699951171875,181.62196950566076,-189.24570824210286,-0.0051533832828272175,stop_loss,06cf8b1aeb7d1b77,NVDA_1h_artifacts/xgb_prob_nvda_1h_v1.pkl,backtest,backtest
2025-08-11 18:30:00+00:00,2025-08-11 19:30:00+00:00,NVDA,LONG,1.0,182.16000366210935,181.55485928936602,85.03564217833937,0.0023187264834050314,stop_loss,06cf8b1aeb7d1b77,NVDA_1h_artifacts/xgb_prob_nvda_1h_v1.pkl,backtest,backtest
2025-08-13 13:30:00+00:00,2025-08-13 14:30:00+00:00,NVDA,LONG,1.0,181.41099548339844,180.91462740398566,-134.4339835759678,-0.0037334159652893106,stop_loss,06cf8b1aeb7d1b77,NVDA_1h_artifacts/xgb_prob_nvda_1h_v1.pkl,backtest,backtest
2025-08-14 13:30:00+00:00,2025-08-14 14:30:00+00:00,NVDA,LONG,1.0,182.5800018310547,182.96189476780714,39.22941611178121,0.0010895554824712494,trailing_stop,06cf8b1aeb7d1b77,NVDA_1h_artifacts/xgb_prob_nvda_1h_v1.pkl,backtest,backtest
2025-08-14 19:30:00+00:00,2025-08-15 13:30:00+00:00,NVDA,LONG,1.0,182.0,180.16682256012916,-394.92061216340966,-0.011062331112257962,stop_loss,06cf8b1aeb7d1b77,NVDA_1h_artifacts/xgb_prob_nvda_1h_v1.pkl,backtest,backtest
2025-08-18 19:30:00+00:00,2025-08-19 13:30:00+00:00,NVDA,LONG,1.0,181.97999572753903,180.62339114076664,-291.6961336944546,-0.008447236036947192,stop_loss,06cf8b1aeb7d1b77,NVDA_1h_artifacts/xgb_prob_nvda_1h_v1.pkl,backtest,backtest
2025-08-20 13:30:00+00:00,2025-08-20 14:30:00+00:00,NVDA,LONG,1.0,170.30999755859375,173.3160765659493,547.4974239314978,0.01663298086663989,stop_loss,06cf8b1aeb7d1b77,NVDA_1h_artifacts/xgb_prob_nvda_1h_v1.pkl,backtest,backtest
2025-08-20 18:30:00+00:00,2025-08-20 19:30:00+00:00,NVDA,LONG,1.0,174.5800018310547,175.45465656139604,135.93264383191973,0.004005041049641944,trailing_stop,06cf8b1aeb7d1b77,NVDA_1h_artifacts/xgb_prob_nvda_1h_v1.pkl,backtest,backtest
2025-08-21 15:30:00+00:00,2025-08-21 16:30:00+00:00,NVDA,LONG,1.0,174.22569274902344,173.95279222523808,-86.19854858126442,-0.0025647957483189154,stop_loss,06cf8b1aeb7d1b77,NVDA_1h_artifacts/xgb_prob_nvda_1h_v1.pkl,backtest,backtest
2025-08-21 19:30:00+00:00,2025-08-22 13:30:00+00:00,NVDA,LONG,1.0,174.9709930419922,177.79055146311777,507.6703896553569,0.015098319005530492,trailing_stop,06cf8b1aeb7d1b77,NVDA_1h_artifacts/xgb_prob_nvda_1h_v1.pkl,backtest,backtest
2025-08-22 14:30:00+00:00,2025-08-22 15:30:00+00:00,NVDA,LONG,1.0,178.1300048828125,178.5116355632225,39.280398368553016,0.00114028540548472,trailing_stop,06cf8b1aeb7d1b77,NVDA_1h_artifacts/xgb_prob_nvda_1h_v1.pkl,backtest,backtest
2025-08-25 13:30:00+00:00,2025-08-25 14:30:00+00:00,NVDA,LONG,1.0,178.99000549316406,180.33941662828278,-292.9023742190173,-0.008531491606301289,stop_loss,06cf8b1aeb7d1b77,NVDA_1h_artifacts/xgb_prob_nvda_1h_v1.pkl,backtest,backtest
2025-08-25 19:30:00+00:00,2025-08-26 13:30:00+00:00,NVDA,LONG,1.0,179.83999633789062,178.86543153892117,-216.8890941350199,-0.00641364687497703,stop_loss,06cf8b1aeb7d1b77,NVDA_1h_artifacts/xgb_prob_nvda_1h_v1.pkl,backtest,backtest
2025-08-26 19:30:00+00:00,2025-08-27 13:30:00+00:00,NVDA,LONG,1.0,181.6999969482422,179.71993366272346,-399.5583243875256,-0.011886534152208417,stop_loss,06cf8b1aeb7d1b77,NVDA_1h_artifacts/xgb_prob_nvda_1h_v1.pkl,backtest,backtest
2025-08-27 19:30:00+00:00,2025-08-28 13:30:00+00:00,NVDA,LONG,1.0,181.6000061035156,184.41951248261168,481.94007929443836,0.014510389746966057,trailing_stop,06cf8b1aeb7d1b77,NVDA_1h_artifacts/xgb_prob_nvda_1h_v1.pkl,backtest,backtest
2025-08-28 14:30:00+00:00,2025-08-28 15:30:00+00:00,NVDA,LONG,1.0,179.156494140625,179.74730226214774,77.86939709883978,0.002294423214923791,trailing_stop,06cf8b1aeb7d1b77,NVDA_1h_artifacts/xgb_prob_nvda_1h_v1.pkl,backtest,backtest
2025-08-28 19:30:00+00:00,2025-08-29 13:30:00+00:00,NVDA,LONG,1.0,180.1999969482422,178.58033475013164,-335.2892660463169,-0.009979148520058989,stop_loss,06cf8b1aeb7d1b77,NVDA_1h_artifacts/xgb_prob_nvda_1h_v1.pkl,backtest,backtest
2025-08-29 19:30:00+00:00,2025-09-02 13:30:00+00:00,NVDA,LONG,1.0,174.27999877929688,171.0893400294716,-647.1436005151565,-0.0192893511211919,stop_loss,06cf8b1aeb7d1b77,NVDA_1h_artifacts/xgb_prob_nvda_1h_v1.pkl,backtest,backtest
2025-09-02 14:30:00+00:00,2025-09-02 15:30:00+00:00,NVDA,LONG,1.0,169.05999755859375,167.99921729989265,-230.04494241517293,-0.00706187014899784,stop_loss,06cf8b1aeb7d1b77,NVDA_1h_artifacts/xgb_prob_nvda_1h_v1.pkl,backtest,backtest
2025-09-02 18:30:00+00:00,2025-09-02 19:30:00+00:00,NVDA,LONG,1.0,170.2949981689453,171.04787842615931,111.74068752428212,0.0034166146101990424,trailing_stop,06cf8b1aeb7d1b77,NVDA_1h_artifacts/xgb_prob_nvda_1h_v1.pkl,backtest,backtest
2025-09-03 19:30:00+00:00,2025-09-04 13:30:00+00:00,NVDA,LONG,1.0,170.6300048828125,171.79512864817556,193.15861149638903,0.0058215355347208675,trailing_stop,06cf8b1aeb7d1b77,NVDA_1h_artifacts/xgb_prob_nvda_1h_v1.pkl,backtest,backtest
2025-09-04 19:30:00+00:00,2025-09-05 13:30:00+00:00,NVDA,LONG,1.0,171.64999389648438,164.27840926095567,1386.2194296751352,0.04190249526798251,stop_loss,06cf8b1aeb7d1b77,NVDA_1h_artifacts/xgb_prob_nvda_1h_v1.pkl,backtest,backtest
2025-09-05 19:30:00+00:00,2025-09-08 13:30:00+00:00,NVDA,LONG,1.0,167.0399932861328,170.89670209322935,755.9044509188428,0.022065446917791,trailing_stop,06cf8b1aeb7d1b77,NVDA_1h_artifacts/xgb_prob_nvda_1h_v1.pkl,backtest,backtest
2025-09-09 17:30:00+00:00,2025-09-09 18:30:00+00:00,NVDA,LONG,1.0,168.2449951171875,170.3150113416309,390.8962725636611,0.011291279195429382,trailing_stop,06cf8b1aeb7d1b77,NVDA_1h_artifacts/xgb_prob_nvda_1h_v1.pkl,backtest,backtest
2025-09-09 19:30:00+00:00,2025-09-10 13:30:00+00:00,NVDA,LONG,1.0,170.7584991455078,178.8936177502991,1634.5787056817062,0.04659343474471078,trailing_stop,06cf8b1aeb7d1b77,NVDA_1h_artifacts/xgb_prob_nvda_1h_v1.pkl,backtest,backtest
2025-09-10 17:30:00+00:00,2025-09-10 18:30:00+00:00,NVDA,LONG,1.0,176.27499389648438,176.0307285207541,14.155643563911191,0.0003843206285845113,stop_loss,06cf8b1aeb7d1b77,NVDA_1h_artifacts/xgb_prob_nvda_1h_v1.pkl,backtest,backtest
2025-09-12 19:30:00+00:00,2025-09-15 13:30:00+00:00,NVDA,LONG,1.0,177.7899932861328,175.8453463420758,-435.83000027223926,-0.011926949606136716,stop_loss,06cf8b1aeb7d1b77,NVDA_1h_artifacts/xgb_prob_nvda_1h_v1.pkl,backtest,backtest
2025-09-15 19:30:00+00:00,2025-09-16 13:30:00+00:00,NVDA,LONG,1.0,177.77999877929688,175.76460371644333,372.0079742843918,0.010325119145096817,stop_loss,06cf8b1aeb7d1b77,NVDA_1h_artifacts/xgb_prob_nvda_1h_v1.pkl,backtest,backtest
2025-09-16 19:30:00+00:00,2025-09-17 13:30:00+00:00,NVDA,LONG,1.0,174.8300018310547,173.21692320493943,-366.5634902008197,-0.010217328436834094,stop_loss,06cf8b1aeb7d1b77,NVDA_1h_artifacts/xgb_prob_nvda_1h_v1.pkl,backtest,backtest
2025-09-17 19:30:00+00:00,2025-09-18 13:30:00+00:00,NVDA,LONG,1.0,170.2100067138672,175.74169317783162,1111.1694843188325,0.03146668562084165,trailing_stop,06cf8b1aeb7d1b77,NVDA_1h_artifacts/xgb_prob_nvda_1h_v1.pkl,backtest,backtest
2025-09-18 18:30:00+00:00,2025-09-18 19:30:00+00:00,NVDA,LONG,1.0,176.34500122070312,174.52048953553214,-412.4712395582408,-0.011335916305360128,stop_loss,06cf8b1aeb7d1b77,NVDA_1h_artifacts/xgb_prob_nvda_1h_v1.pkl,backtest,backtest
2025-09-19 13:30:00+00:00,2025-09-19 14:30:00+00:00,NVDA,LONG,1.0,177.7050018310547,178.01263016760356,26.424445263062424,0.0007293869336582048,trailing_stop,06cf8b1aeb7d1b77,NVDA_1h_artifacts/xgb_prob_nvda_1h_v1.pkl,backtest,backtest
2025-09-19 18:30:00+00:00,2025-09-19 19:30:00+00:00,NVDA,LONG,1.0,176.31500244140625,177.94220820530307,297.6491199539488,0.008219740439689094,trailing_stop,06cf8b1aeb7d1b77,NVDA_1h_artifacts/xgb_prob_nvda_1h_v1.pkl,backtest,backtest
2025-09-22 14:30:00+00:00,2025-09-22 15:30:00+00:00,NVDA,LONG,1.0,175.46009826660156,182.42955678825564,1402.4826052609462,0.03868132431200011,trailing_stop,06cf8b1aeb7d1b77,NVDA_1h_artifacts/xgb_prob_nvda_1h_v1.pkl,backtest,backtest
2025-09-22 19:30:00+00:00,2025-09-23 13:30:00+00:00,NVDA,LONG,1.0,183.6100006103516,180.89943366078737,-592.9415086792434,-0.01574786979801357,stop_loss,06cf8b1aeb7d1b77,NVDA_1h_artifacts/xgb_prob_nvda_1h_v1.pkl,backtest,backtest
2025-09-23 18:30:00+00:00,2025-09-23 19:30:00+00:00,NVDA,LONG,1.0,178.10000610351562,177.09180134926922,-244.4889930374039,-0.006655230291832459,stop_loss,06cf8b1aeb7d1b77,NVDA_1h_artifacts/xgb_prob_nvda_1h_v1.pkl,backtest,backtest
2025-09-24 14:30:00+00:00,2025-09-24 15:30:00+00:00,NVDA,LONG,1.0,178.3542022705078,176.0616022702683,-504.3206354502061,-0.013841342514406052,stop_loss,06cf8b1aeb7d1b77,NVDA_1h_artifacts/xgb_prob_nvda_1h_v1.pkl,backtest,backtest
2025-09-25 14:30:00+00:00,2025-09-25 15:30:00+00:00,NVDA,LONG,1.0,178.0301055908203,180.18957109114908,402.11740769387825,0.011117647336494674,trailing_stop,06cf8b1aeb7d1b77,NVDA_1h_artifacts/xgb_prob_nvda_1h_v1.pkl,backtest,backtest
2025-09-25 16:30:00+00:00,2025-09-25 17:30:00+00:00,NVDA,LONG,1.0,177.9799041748047,176.8302122751692,-270.3496987577525,-0.007453212867267189,stop_loss,06cf8b1aeb7d1b77,NVDA_1h_artifacts/xgb_prob_nvda_1h_v1.pkl,backtest,backtest
2025-09-26 19:30:00+00:00,2025-09-29 13:30:00+00:00,NVDA,LONG,1.0,178.19000244140625,183.9296901440338,1128.4567517413668,0.031178842451110134,trailing_stop,06cf8b1aeb7d1b77,NVDA_1h_artifacts/xgb_prob_nvda_1h_v1.pkl,backtest,backtest
2025-09-29 19:30:00+00:00,2025-09-30 13:30:00+00:00,NVDA,LONG,1.0,181.82000732421875,184.87693769832748,592.7708871619908,0.01579613530258528,trailing_stop,06cf8b1aeb7d1b77,NVDA_1h_artifacts/xgb_prob_nvda_1h_v1.pkl,backtest,backtest
2025-09-30 19:30:00+00:00,2025-10-01 13:30:00+00:00,NVDA,LONG,1.0,186.55999755859372,183.9662742252208,489.1921802485566,0.01288898822871043,stop_loss,06cf8b1aeb7d1b77,NVDA_1h_artifacts/xgb_prob_nvda_1h_v1.pkl,backtest,backtest
2025-10-01 19:30:00+00:00,2025-10-02 13:30:00+00:00,NVDA,LONG,1.0,187.1699981689453,189.1633293049706,-447.57627031856816,-0.011639193376984713,stop_loss,06cf8b1aeb7d1b77,NVDA_1h_artifacts/xgb_prob_nvda_1h_v1.pkl,backtest,backtest
2025-10-06 13:30:00+00:00,2025-10-06 14:30:00+00:00,NVDA,LONG,1.0,185.5,185.47077418313103,-43.460619542048384,-0.001157394021844338,stop_loss,06cf8b1aeb7d1b77,NVDA_1h_artifacts/xgb_prob_nvda_1h_v1.pkl,backtest,backtest
2025-10-06 19:30:00+00:00,2025-10-07 13:30:00+00:00,NVDA,LONG,1.0,185.52999877929688,187.64243062555778,-464.503722905425,-0.012374545509079904,stop_loss,06cf8b1aeb7d1b77,NVDA_1h_artifacts/xgb_prob_nvda_1h_v1.pkl,backtest,backtest
2025-10-07 14:30:00+00:00,2025-10-07 15:30:00+00:00,NVDA,LONG,1.0,185.2400054931641,185.7769522252345,69.17387357264992,0.001895755611269312,stop_loss,06cf8b1aeb7d1b77,NVDA_1h_artifacts/xgb_prob_nvda_1h_v1.pkl,backtest,backtest
2025-10-07 19:30:00+00:00,2025-10-08 13:30:00+00:00,NVDA,LONG,1.0,184.9600067138672,189.36005369071862,827.546871493392,0.022765391275502145,trailing_stop,06cf8b1aeb7d1b77,NVDA_1h_artifacts/xgb_prob_nvda_1h_v1.pkl,backtest,backtest
2025-10-08 19:30:00+00:00,2025-10-09 13:30:00+00:00,NVDA,LONG,1.0,189.07000732421875,190.43778400588778,-302.92882211729653,-0.00822699979930841,stop_loss,06cf8b1aeb7d1b77,NVDA_1h_artifacts/xgb_prob_nvda_1h_v1.pkl,backtest,backtest
2025-10-09 17:30:00+00:00,2025-10-09 18:30:00+00:00,NVDA,LONG,1.0,192.875,192.31005272385985,70.69639688937812,0.0019261559500403092,stop_loss,06cf8b1aeb7d1b77,NVDA_1h_artifacts/xgb_prob_nvda_1h_v1.pkl,backtest,backtest
2025-10-10 13:30:00+00:00,2025-10-10 14:30:00+00:00,NVDA,LONG,1.0,195.2550048828125,195.55618548428484,20.179173243892734,0.0005409562538560841,trailing_stop,06cf8b1aeb7d1b77,NVDA_1h_artifacts/xgb_prob_nvda_1h_v1.pkl,backtest,backtest
2025-10-10 19:30:00+00:00,2025-10-13 13:30:00+00:00,NVDA,LONG,1.0,183.13999938964844,190.02312798732544,1289.9748800656096,0.035332070570951,trailing_stop,06cf8b1aeb7d1b77,NVDA_1h_artifacts/xgb_prob_nvda_1h_v1.pkl,backtest,backtest
2025-10-13 19:30:00+00:00,2025-10-14 13:30:00+00:00,NVDA,LONG,1.0,188.32000732421875,185.04571508404672,-696.1214498895484,-0.0183694659128828,stop_loss,06cf8b1aeb7d1b77,NVDA_1h_artifacts/xgb_prob_nvda_1h_v1.pkl,backtest,backtest
2025-10-14 19:30:00+00:00,2025-10-15 13:30:00+00:00,NVDA,LONG,1.0,180.07000732421875,184.78331472580018,877.031836448392,0.023750052749581085,trailing_stop,06cf8b1aeb7d1b77,NVDA_1h_artifacts/xgb_prob_nvda_1h_v1.pkl,backtest,backtest
2025-10-15 17:30:00+00:00,2025-10-15 18:30:00+00:00,NVDA,LONG,1.0,179.79490661621094,180.58756898844732,112.4498769745319,0.0029538590698598988,trailing_stop,06cf8b1aeb7d1b77,NVDA_1h_artifacts/xgb_prob_nvda_1h_v1.pkl,backtest,backtest
2025-10-15 19:30:00+00:00,2025-10-16 13:30:00+00:00,NVDA,LONG,1.0,179.8699951171875,182.93285954147206,567.3884289669484,0.014896539494283045,trailing_stop,06cf8b1aeb7d1b77,NVDA_1h_artifacts/xgb_prob_nvda_1h_v1.pkl,backtest,backtest
2025-10-17 17:30:00+00:00,2025-10-17 18:30:00+00:00,NVDA,LONG,1.0,183.69000244140625,184.0106324959084,26.02028157582925,0.0006809833719598757,trailing_stop,06cf8b1aeb7d1b77,NVDA_1h_artifacts/xgb_prob_nvda_1h_v1.pkl,backtest,backtest
2025-10-20 19:30:00+00:00,2025-10-21 13:30:00+00:00,NVDA,LONG,1.0,182.57000732421875,181.28935778140172,-301.6706669324298,-0.008007552401541274,stop_loss,06cf8b1aeb7d1b77,NVDA_1h_artifacts/xgb_prob_nvda_1h_v1.pkl,backtest,backtest
2025-10-21 14:30:00+00:00,2025-10-21 15:30:00+00:00,NVDA,LONG,1.0,181.91000366210935,182.58368146756456,-173.77820255489507,-0.00469965430213426,stop_loss,06cf8b1aeb7d1b77,NVDA_1h_artifacts/xgb_prob_nvda_1h_v1.pkl,backtest,backtest
2025-10-22 13:30:00+00:00,2025-10-22 14:30:00+00:00,NVDA,LONG,1.0,180.3968963623047,178.99143889534133,-320.76883432845983,-0.008783127303235383,stop_loss,06cf8b1aeb7d1b77,NVDA_1h_artifacts/xgb_prob_nvda_1h_v1.pkl,backtest,backtest
2025-10-23 19:30:00+00:00,2025-10-24 13:30:00+00:00,NVDA,LONG,1.0,182.1999969482422,184.62265793565174,-517.92614310195,-0.014283415845004921,stop_loss,06cf8b1aeb7d1b77,NVDA_1h_artifacts/xgb_prob_nvda_1h_v1.pkl,backtest,backtest
2025-10-24 18:30:00+00:00,2025-10-24 19:30:00+00:00,NVDA,LONG,1.0,186.91000366210935,186.94390147647707,-29.49961613448071,-0.0008188223428930996,trailing_stop,06cf8b1aeb7d1b77,NVDA_1h_artifacts/xgb_prob_nvda_1h_v1.pkl,backtest,backtest
2025-10-27 19:30:00+00:00,2025-10-28 13:30:00+00:00,NVDA,LONG,1.0,191.42999267578125,195.41399387563703,714.3643214921358,0.01979098025875592,trailing_stop,06cf8b1aeb7d1b77,NVDA_1h_artifacts/xgb_prob_nvda_1h_v1.pkl,backtest,backtest
2025-10-28 15:30:00+00:00,2025-10-28 16:30:00+00:00,NVDA,LONG,1.0,193.7001037597656,196.50690050771476,496.90704880422487,0.013475934172336945,trailing_stop,06cf8b1aeb7d1b77,NVDA_1h_artifacts/xgb_prob_nvda_1h_v1.pkl,backtest,backtest
2025-10-28 17:30:00+00:00,2025-10-28 18:30:00+00:00,NVDA,LONG,1.0,199.3119964599609,202.12890769785957,501.6626909286703,0.013119041385579955,trailing_stop,06cf8b1aeb7d1b77,NVDA_1h_artifacts/xgb_prob_nvda_1h_v1.pkl,backtest,backtest
2025-10-28 19:30:00+00:00,2025-10-29 13:30:00+00:00,NVDA,LONG,1.0,201.02999877929688,212.1084056936685,2081.7744894681,0.05405311930886292,trailing_stop,06cf8b1aeb7d1b77,NVDA_1h_artifacts/xgb_prob_nvda_1h_v1.pkl,backtest,backtest
2025-10-29 14:30:00+00:00,2025-10-29 15:30:00+00:00,NVDA,LONG,1.0,208.7949981689453,206.95877998846055,-340.8942985766661,-0.008467801375691475,stop_loss,06cf8b1aeb7d1b77,NVDA_1h_artifacts/xgb_prob_nvda_1h_v1.pkl,backtest,backtest
2025-10-30 13:30:00+00:00,2025-10-30 14:30:00+00:00,NVDA,LONG,1.0,202.20590209960935,203.2899978809628,140.78067850677556,0.0035987973173823296,stop_loss,06cf8b1aeb7d1b77,NVDA_1h_artifacts/xgb_prob_nvda_1h_v1.pkl,backtest,backtest
2025-10-31 13:30:00+00:00,2025-10-31 14:30:00+00:00,NVDA,LONG,1.0,205.47999572753903,206.25317564394203,-161.19937386459782,-0.0041927678977269345,stop_loss,06cf8b1aeb7d1b77,NVDA_1h_artifacts/xgb_prob_nvda_1h_v1.pkl,backtest,backtest
2025-11-03 14:30:00+00:00,2025-11-03 15:30:00+00:00,NVDA,LONG,1.0,207.7949981689453,208.43261530876737,68.32935716183374,0.0017524116205680507,trailing_stop,06cf8b1aeb7d1b77,NVDA_1h_artifacts/xgb_prob_nvda_1h_v1.pkl,backtest,backtest
2025-11-03 16:30:00+00:00,2025-11-03 17:30:00+00:00,NVDA,LONG,1.0,209.4199981689453,211.2324139244655,273.9305965674177,0.00697344961455193,trailing_stop,06cf8b1aeb7d1b77,NVDA_1h_artifacts/xgb_prob_nvda_1h_v1.pkl,backtest,backtest
2025-11-03 18:30:00+00:00,2025-11-03 19:30:00+00:00,NVDA,LONG,1.0,207.7050018310547,206.93338245242472,99.79649939650947,0.002489966264535015,stop_loss,06cf8b1aeb7d1b77,NVDA_1h_artifacts/xgb_prob_nvda_1h_v1.pkl,backtest,backtest
2025-11-04 14:30:00+00:00,2025-11-04 15:30:00+00:00,NVDA,LONG,1.0,201.6595001220703,203.45499181081496,271.35286455195916,0.006915754037394306,stop_loss,06cf8b1aeb7d1b77,NVDA_1h_artifacts/xgb_prob_nvda_1h_v1.pkl,backtest,backtest
2025-11-04 20:30:00+00:00,2025-11-05 14:30:00+00:00,NVDA,LONG,1.0,198.5399932861328,197.0741212312955,239.85914765364046,0.006093229117250631,stop_loss,06cf8b1aeb7d1b77,NVDA_1h_artifacts/xgb_prob_nvda_1h_v1.pkl,backtest,backtest
2025-11-05 19:30:00+00:00,2025-11-05 20:30:00+00:00,NVDA,LONG,1.0,199.5301055908203,197.33677776259606,-431.10291700163117,-0.010949896436375117,stop_loss,06cf8b1aeb7d1b77,NVDA_1h_artifacts/xgb_prob_nvda_1h_v1.pkl,backtest,backtest
2025-11-06 14:30:00+00:00,2025-11-06 15:30:00+00:00,NVDA,LONG,1.0,193.06500244140625,191.68750830082817,-263.45913440336767,-0.006833526272368884,stop_loss,06cf8b1aeb7d1b77,NVDA_1h_artifacts/xgb_prob_nvda_1h_v1.pkl,backtest,backtest
2025-11-06 16:30:00+00:00,2025-11-06 17:30:00+00:00,NVDA,LONG,1.0,186.82000732421875,186.95862598314244,-7.446466247964523,-0.00019769734105201664,stop_loss,06cf8b1aeb7d1b77,NVDA_1h_artifacts/xgb_prob_nvda_1h_v1.pkl,backtest,backtest
2025-11-07 14:30:00+00:00,2025-11-07 15:30:00+00:00,NVDA,LONG,1.0,182.4279937744141,184.24838418696507,237.6555039591821,0.0064571625001186295,stop_loss,06cf8b1aeb7d1b77,NVDA_1h_artifacts/xgb_prob_nvda_1h_v1.pkl,backtest,backtest
2025-11-07 16:30:00+00:00,2025-11-07 17:30:00+00:00,NVDA,LONG,1.0,182.05999755859372,184.3803495806332,296.45008436160134,0.007950135745513398,trailing_stop,06cf8b1aeb7d1b77,NVDA_1h_artifacts/xgb_prob_nvda_1h_v1.pkl,backtest,backtest
2025-11-07 19:30:00+00:00,2025-11-07 20:30:00+00:00,NVDA,LONG,1.0,186.13499450683597,188.1953634052648,274.6617270962304,0.007306071744420661,trailing_stop,06cf8b1aeb7d1b77,NVDA_1h_artifacts/xgb_prob_nvda_1h_v1.pkl,backtest,backtest
2025-11-10 14:30:00+00:00,2025-11-10 15:30:00+00:00,NVDA,LONG,1.0,196.6199951171875,192.53120901266973,477.0212003974095,0.01298505402006267,stop_loss,06cf8b1aeb7d1b77,NVDA_1h_artifacts/xgb_prob_nvda_1h_v1.pkl,backtest,backtest
2025-11-10 20:30:00+00:00,2025-11-11 14:30:00+00:00,NVDA,LONG,1.0,199.0399932861328,194.1696360245401,-756.069541532045,-0.020146206976414005,stop_loss,06cf8b1aeb7d1b77,NVDA_1h_artifacts/xgb_prob_nvda_1h_v1.pkl,backtest,backtest
2025-11-11 20:30:00+00:00,2025-11-12 14:30:00+00:00,NVDA,LONG,1.0,193.22999572753903,195.7769125014479,343.50816889451073,0.009316721604561762,trailing_stop,06cf8b1aeb7d1b77,NVDA_1h_artifacts/xgb_prob_nvda_1h_v1.pkl,backtest,backtest
2025-11-13 20:30:00+00:00,2025-11-14 14:30:00+00:00,NVDA,LONG,1.0,186.9600067138672,183.01352526230724,-702.6682156242404,-0.01884014094688613,stop_loss,06cf8b1aeb7d1b77,NVDA_1h_artifacts/xgb_prob_nvda_1h_v1.pkl,backtest,backtest
2025-11-14 15:30:00+00:00,2025-11-14 16:30:00+00:00,NVDA,LONG,1.0,189.97979736328125,190.57319358279307,60.835376558423526,0.0016432137508226585,trailing_stop,06cf8b1aeb7d1b77,NVDA_1h_artifacts/xgb_prob_nvda_1h_v1.pkl,backtest,backtest
2025-11-14 20:30:00+00:00,2025-11-17 14:30:00+00:00,NVDA,LONG,1.0,190.27999877929688,186.64477829313046,-626.5066677271092,-0.016890569037346426,stop_loss,06cf8b1aeb7d1b77,NVDA_1h_artifacts/xgb_prob_nvda_1h_v1.pkl,backtest,backtest
2025-11-17 18:30:00+00:00,2025-11-17 19:30:00+00:00,NVDA,LONG,1.0,185.3300018310547,184.41518198469944,126.81092461915622,0.0034713441576366133,stop_loss,06cf8b1aeb7d1b77,NVDA_1h_artifacts/xgb_prob_nvda_1h_v1.pkl,backtest,backtest
2025-11-18 14:30:00+00:00,2025-11-18 15:30:00+00:00,NVDA,LONG,1.0,181.8500061035156,183.1193543791459,172.86229699704947,0.004818102874340147,stop_loss,06cf8b1aeb7d1b77,NVDA_1h_artifacts/xgb_prob_nvda_1h_v1.pkl,backtest,backtest
2025-11-18 20:30:00+00:00,2025-11-19 14:30:00+00:00,NVDA,LONG,1.0,181.3000030517578,187.71135180416167,1025.9586588052061,0.028647856234401914,trailing_stop,06cf8b1aeb7d1b77,NVDA_1h_artifacts/xgb_prob_nvda_1h_v1.pkl,backtest,backtest
2025-11-19 19:30:00+00:00,2025-11-19 20:30:00+00:00,NVDA,LONG,1.0,186.7050018310547,187.24166950229883,55.279611620919766,0.0014922732669788719,trailing_stop,06cf8b1aeb7d1b77,NVDA_1h_artifacts/xgb_prob_nvda_1h_v1.pkl,backtest,backtest
2025-11-20 14:30:00+00:00,2025-11-20 15:30:00+00:00,NVDA,LONG,1.0,193.9199981689453,194.53006224635763,57.18214561845514,0.0015016850677618265,trailing_stop,06cf8b1aeb7d1b77,NVDA_1h_artifacts/xgb_prob_nvda_1h_v1.pkl,backtest,backtest
2025-11-21 14:30:00+00:00,2025-11-21 15:30:00+00:00,NVDA,LONG,1.0,175.7899932861328,176.03736932410663,8.456643296552713,0.00022500856625540244,stop_loss,06cf8b1aeb7d1b77,NVDA_1h_artifacts/xgb_prob_nvda_1h_v1.pkl,backtest,backtest
2025-11-21 18:30:00+00:00,2025-11-21 19:30:00+00:00,NVDA,LONG,1.0,184.19000244140625,184.42732951228984,-45.00440796857852,-0.0012084636144393812,stop_loss,06cf8b1aeb7d1b77,NVDA_1h_artifacts/xgb_prob_nvda_1h_v1.pkl,backtest,backtest
2025-11-24 15:30:00+00:00,2025-11-24 16:30:00+00:00,NVDA,LONG,1.0,182.08999633789065,183.09373202219794,-125.32085118163394,-0.003412064246567037,stop_loss,06cf8b1aeb7d1b77,NVDA_1h_artifacts/xgb_prob_nvda_1h_v1.pkl,backtest,backtest
2025-11-25 14:30:00+00:00,2025-11-25 15:30:00+00:00,NVDA,LONG,1.0,171.0749969482422,171.1805548261472,-32.89981672320863,-0.0008716879042611758,stop_loss,06cf8b1aeb7d1b77,NVDA_1h_artifacts/xgb_prob_nvda_1h_v1.pkl,backtest,backtest
2025-11-25 20:30:00+00:00,2025-11-26 14:30:00+00:00,NVDA,LONG,1.0,177.8000030517578,181.20110485503264,-459.21734190238703,-0.012240977322286684,stop_loss,06cf8b1aeb7d1b77,NVDA_1h_artifacts/xgb_prob_nvda_1h_v1.pkl,backtest,backtest
2025-11-26 20:30:00+00:00,2025-11-28 14:30:00+00:00,NVDA,LONG,1.0,180.19000244140625,177.08276028222687,-533.5161350353568,-0.014402915409642114,stop_loss,06cf8b1aeb7d1b77,NVDA_1h_artifacts/xgb_prob_nvda_1h_v1.pkl,backtest,backtest
2025-11-28 16:30:00+00:00,2025-12-01 14:30:00+00:00,NVDA,LONG,1.0,177.1342010498047,173.8897963173517,-586.1022736981924,-0.016063149178801472,stop_loss,06cf8b1aeb7d1b77,NVDA_1h_artifacts/xgb_prob_nvda_1h_v1.pkl,backtest,backtest
2025-12-02 14:30:00+00:00,2025-12-02 15:30:00+00:00,NVDA,LONG,1.0,183.2550048828125,184.5477038909651,194.02172654366723,0.005307446477589961,trailing_stop,06cf8b1aeb7d1b77,NVDA_1h_artifacts/xgb_prob_nvda_1h_v1.pkl,backtest,backtest
2025-12-03 20:30:00+00:00,2025-12-04 14:30:00+00:00,NVDA,LONG,1.0,179.63999938964844,183.04055901219328,657.6127737137672,0.01791092782489767,trailing_stop,06cf8b1aeb7d1b77,NVDA_1h_artifacts/xgb_prob_nvda_1h_v1.pkl,backtest,backtest
2025-12-04 15:30:00+00:00,2025-12-04 16:30:00+00:00,NVDA,LONG,1.0,182.63510131835935,184.4405484404664,334.22696704058285,0.00887565731869322,trailing_stop,06cf8b1aeb7d1b77,NVDA_1h_artifacts/xgb_prob_nvda_1h_v1.pkl,backtest,backtest
2025-12-04 20:30:00+00:00,2025-12-05 14:30:00+00:00,NVDA,LONG,1.0,183.3999938964844,184.59404210815865,-280.55423603660756,-0.007504112340024571,stop_loss,06cf8b1aeb7d1b77,NVDA_1h_artifacts/xgb_prob_nvda_1h_v1.pkl,backtest,backtest
2025-12-05 20:30:00+00:00,2025-12-08 14:30:00+00:00,NVDA,LONG,1.0,182.3500061035156,185.63559545166302,631.600426494936,0.01700002001061618,trailing_stop,06cf8b1aeb7d1b77,NVDA_1h_artifacts/xgb_prob_nvda_1h_v1.pkl,backtest,backtest
2025-12-08 16:30:00+00:00,2025-12-08 17:30:00+00:00,NVDA,LONG,1.0,183.40499877929688,186.42457184160105,580.292398293949,0.015447498755864819,trailing_stop,06cf8b1aeb7d1b77,NVDA_1h_artifacts/xgb_prob_nvda_1h_v1.pkl,backtest,backtest
