entry_ts,exit_ts,symbol,side,qty,entry_price,exit_price,pnl,pnl_pct,exit_reason,strategy_id,strategy_label,source_type,session_id
2024-12-23 20:30:00+00:00,2024-12-24 14:30:00+00:00,NVDA,LONG,64.698635,139.65499877929688,141.83044065189728,122.67714409519553,0.012267714409519553,trailing_stop,06cf8b1aeb7d1b77,NVDA_1h_artifacts/xgb_prob_nvda_1h_v1.pkl,backtest,backtest
2024-12-24 15:30:00+00:00,2024-12-26 14:30:00+00:00,NVDA,SHORT,65.191629,141.39500427246094,137.7998698011824,215.93713133473355,0.02133201802852074,trailing_stop,06cf8b1aeb7d1b77,NVDA_1h_artifacts/xgb_prob_nvda_1h_v1.pkl,backtest,backtest
2024-12-26 15:30:00+00:00,2024-12-27 14:30:00+00:00,NVDA,LONG,66.684645,139.3699951171875,137.04443403643097,-173.66689239214824,-0.016797888746548324,stop_loss,06cf8b1aeb7d1b77,NVDA_1h_artifacts/xgb_prob_nvda_1h_v1.pkl,backtest,backtest
2024-12-27 16:30:00+00:00,2024-12-30 14:30:00+00:00,NVDA,LONG,68.178534,135.6999969482422,138.6029062849834,179.41244920245632,0.017650110958945184,trailing_stop,06cf8b1aeb7d1b77,NVDA_1h_artifacts/xgb_prob_nvda_1h_v1.pkl,backtest,backtest
2024-12-30 15:30:00+00:00,2024-12-30 17:30:00+00:00,NVDA,LONG,68.635854,137.55990600585938,140.20218313201397,162.47186380854265,0.015706323682028834,trailing_stop,06cf8b1aeb7d1b77,NVDA_1h_artifacts/xgb_prob_nvda_1h_v1.pkl,backtest,backtest
2024-12-30 20:30:00+00:00,2024-12-31 15:30:00+00:00,NVDA,LONG,75.74079,137.41000366210938,135.32918994297452,-178.41755939265397,-0.01698109996943703,stop_loss,06cf8b1aeb7d1b77,NVDA_1h_artifacts/xgb_prob_nvda_1h_v1.pkl,backtest,backtest
2024-12-31 19:30:00+00:00,2025-01-02 14:30:00+00:00,NVDA,LONG,72.994246,135.4615020751953,138.30632179199898,187.8796498220048,0.018190561235844453,trailing_stop,06cf8b1aeb7d1b77,NVDA_1h_artifacts/xgb_prob_nvda_1h_v1.pkl,backtest,backtest
2025-01-02 15:30:00+00:00,2025-01-02 17:30:00+00:00,NVDA,LONG,67.672943,137.92129516601562,135.59031325750834,-176.4114857209565,-0.016775062517536993,stop_loss,06cf8b1aeb7d1b77,NVDA_1h_artifacts/xgb_prob_nvda_1h_v1.pkl,backtest,backtest
2025-01-02 18:30:00+00:00,2025-01-03 14:30:00+00:00,NVDA,LONG,65.90481,137.3022003173828,144.1492933855932,433.15861686372523,0.04189202587267416,trailing_stop,06cf8b1aeb7d1b77,NVDA_1h_artifacts/xgb_prob_nvda_1h_v1.pkl,backtest,backtest
2025-01-03 15:30:00+00:00,2025-01-06 14:30:00+00:00,NVDA,LONG,63.115275,143.46009826660156,151.62318719926932,497.106555727535,0.04614356888911874,trailing_stop,06cf8b1aeb7d1b77,NVDA_1h_artifacts/xgb_prob_nvda_1h_v1.pkl,backtest,backtest
2025-01-06 15:30:00+00:00,2025-01-06 18:30:00+00:00,NVDA,SHORT,66.724394,151.8887939453125,149.73601134186893,123.37373916573077,0.010946949847593751,trailing_stop,06cf8b1aeb7d1b77,NVDA_1h_artifacts/xgb_prob_nvda_1h_v1.pkl,backtest,backtest
2025-01-06 19:30:00+00:00,2025-01-06 20:30:00+00:00,NVDA,SHORT,72.807476,150.52499389648438,148.32542463634746,138.22639635671908,0.01213201729109847,trailing_stop,06cf8b1aeb7d1b77,NVDA_1h_artifacts/xgb_prob_nvda_1h_v1.pkl,backtest,backtest
2025-01-07 14:30:00+00:00,2025-01-07 15:30:00+00:00,NVDA,SHORT,55.133161,143.6580047607422,140.53412522269548,156.38871370490926,0.013561579650304353,trailing_stop,06cf8b1aeb7d1b77,NVDA_1h_artifacts/xgb_prob_nvda_1h_v1.pkl,backtest,backtest
2025-01-07 16:30:00+00:00,2025-01-10 14:30:00+00:00,NVDA,LONG,46.493446,141.4290008544922,137.6581027998049,-188.47308830523264,-0.016125161711298172,stop_loss,06cf8b1aeb7d1b77,NVDA_1h_artifacts/xgb_prob_nvda_1h_v1.pkl,backtest,backtest
2025-01-10 15:30:00+00:00,2025-01-13 14:30:00+00:00,NVDA,LONG,51.577595,135.6199951171875,132.27561759635802,-186.48485566055967,-0.016216549290313947,stop_loss,06cf8b1aeb7d1b77,NVDA_1h_artifacts/xgb_prob_nvda_1h_v1.pkl,backtest,backtest
2025-01-13 15:30:00+00:00,2025-01-14 14:30:00+00:00,NVDA,LONG,54.570639,131.63499450683594,136.28671423533376,239.48050650303372,0.021168278134447445,trailing_stop,06cf8b1aeb7d1b77,NVDA_1h_artifacts/xgb_prob_nvda_1h_v1.pkl,backtest,backtest
2025-01-14 15:30:00+00:00,2025-01-15 14:30:00+00:00,NVDA,LONG,61.39046,130.9810028076172,134.4653205705396,197.82190222473622,0.017123495482036007,trailing_stop,06cf8b1aeb7d1b77,NVDA_1h_artifacts/xgb_prob_nvda_1h_v1.pkl,backtest,backtest
2025-01-15 15:30:00+00:00,2025-01-15 20:30:00+00:00,NVDA,LONG,68.83587,134.389892578125,136.3481867586773,116.29919328461017,0.009897398701330867,trailing_stop,06cf8b1aeb7d1b77,NVDA_1h_artifacts/xgb_prob_nvda_1h_v1.pkl,backtest,backtest
2025-01-16 14:30:00+00:00,2025-01-16 15:30:00+00:00,NVDA,SHORT,79.844834,137.1999969482422,135.1768809676107,139.62593767400142,0.011766118349038302,trailing_stop,06cf8b1aeb7d1b77,NVDA_1h_artifacts/xgb_prob_nvda_1h_v1.pkl,backtest,backtest
2025-01-16 18:30:00+00:00,2025-01-17 14:30:00+00:00,NVDA,LONG,80.693033,135.125,137.56214861519175,174.8536214633218,0.014563360813652396,trailing_stop,06cf8b1aeb7d1b77,NVDA_1h_artifacts/xgb_prob_nvda_1h_v1.pkl,backtest,backtest
2025-01-17 15:30:00+00:00,2025-01-21 14:30:00+00:00,NVDA,LONG,77.267682,138.1291961669922,140.13906415830925,133.95199520637223,0.010996563595837696,trailing_stop,06cf8b1aeb7d1b77,NVDA_1h_artifacts/xgb_prob_nvda_1h_v1.pkl,backtest,backtest
2025-01-21 15:30:00+00:00,2025-01-21 17:30:00+00:00,NVDA,LONG,90.652597,138.97999572753906,141.76886905167038,227.62081444902591,0.018482899282951933,trailing_stop,06cf8b1aeb7d1b77,NVDA_1h_artifacts/xgb_prob_nvda_1h_v1.pkl,backtest,backtest
2025-01-21 18:30:00+00:00,2025-01-22 14:30:00+00:00,NVDA,LONG,92.405797,141.27999877929688,147.3689112851228,536.5406311893925,0.042776672464605835,trailing_stop,06cf8b1aeb7d1b77,NVDA_1h_artifacts/xgb_prob_nvda_1h_v1.pkl,backtest,backtest
2025-01-22 15:30:00+00:00,2025-01-22 19:30:00+00:00,NVDA,LONG,82.649426,146.0050048828125,147.71878023456225,117.5080894216813,0.008984229564822024,trailing_stop,06cf8b1aeb7d1b77,NVDA_1h_artifacts/xgb_prob_nvda_1h_v1.pkl,backtest,backtest
2025-01-22 20:30:00+00:00,2025-01-23 14:30:00+00:00,NVDA,SHORT,98.678269,147.0399932861328,143.78018262204952,292.6531695769851,0.02217593445179123,trailing_stop,06cf8b1aeb7d1b77,NVDA_1h_artifacts/xgb_prob_nvda_1h_v1.pkl,backtest,backtest
2025-01-23 16:30:00+00:00,2025-01-23 20:30:00+00:00,NVDA,LONG,97.49355,145.3800048828125,147.1677322195234,145.94465893790561,0.010819102894556204,trailing_stop,06cf8b1aeb7d1b77,NVDA_1h_artifacts/xgb_prob_nvda_1h_v1.pkl,backtest,backtest
2025-01-24 14:30:00+00:00,2025-01-24 16:30:00+00:00,NVDA,SHORT,100.250012,146.0500030517578,144.2012060205752,156.05889544454382,0.011445061563715327,trailing_stop,06cf8b1aeb7d1b77,NVDA_1h_artifacts/xgb_prob_nvda_1h_v1.pkl,backtest,backtest
2025-01-24 19:30:00+00:00,2025-01-27 14:30:00+00:00,NVDA,LONG,103.104013,142.03500366210938,140.02855347267925,-236.16182414292248,-0.01712367595772466,stop_loss,06cf8b1aeb7d1b77,NVDA_1h_artifacts/xgb_prob_nvda_1h_v1.pkl,backtest,backtest
2025-01-27 15:30:00+00:00,2025-01-28 16:30:00+00:00,NVDA,LONG,51.862522,119.1500015258789,126.5223822944586,369.9914206519691,0.027294810669590216,trailing_stop,06cf8b1aeb7d1b77,NVDA_1h_artifacts/xgb_prob_nvda_1h_v1.pkl,backtest,backtest
2025-01-28 17:30:00+00:00,2025-01-29 15:30:00+00:00,NVDA,LONG,50.49263,126.08999633789062,121.95314482566091,-221.6137438355362,-0.015914391169801947,stop_loss,06cf8b1aeb7d1b77,NVDA_1h_artifacts/xgb_prob_nvda_1h_v1.pkl,backtest,backtest
2025-01-29 16:30:00+00:00,2025-01-29 17:30:00+00:00,NVDA,SHORT,54.21498,122.99839782714844,120.16374816791318,140.3437632259843,0.0102412643166713,trailing_stop,06cf8b1aeb7d1b77,NVDA_1h_artifacts/xgb_prob_nvda_1h_v1.pkl,backtest,backtest
2025-01-29 18:30:00+00:00,2025-01-29 20:30:00+00:00,NVDA,LONG,55.643154,120.91000366210938,123.69803690528336,141.67933519922684,0.010233916376380266,trailing_stop,06cf8b1aeb7d1b77,NVDA_1h_artifacts/xgb_prob_nvda_1h_v1.pkl,backtest,backtest
2025-01-30 14:30:00+00:00,2025-01-30 19:30:00+00:00,NVDA,SHORT,54.65512,119.56999969482422,123.40837115354427,-222.85687804436037,-0.015934537073365566,stop_loss,06cf8b1aeb7d1b77,NVDA_1h_artifacts/xgb_prob_nvda_1h_v1.pkl,backtest,backtest
2025-01-30 20:30:00+00:00,2025-01-31 15:30:00+00:00,NVDA,LONG,58.729739,124.91000366210938,127.744543996301,151.79995018491775,0.01102963263983355,trailing_stop,06cf8b1aeb7d1b77,NVDA_1h_artifacts/xgb_prob_nvda_1h_v1.pkl,backtest,backtest
2025-01-31 16:30:00+00:00,2025-01-31 18:30:00+00:00,NVDA,SHORT,58.968417,125.30999755859376,122.67618575636385,140.53304827280684,0.010099595975970883,trailing_stop,06cf8b1aeb7d1b77,NVDA_1h_artifacts/xgb_prob_nvda_1h_v1.pkl,backtest,backtest
2025-01-31 19:30:00+00:00,2025-02-03 14:30:00+00:00,NVDA,SHORT,61.223328,120.10990142822266,113.1133102049911,413.6475435594516,0.029430103287209994,trailing_stop,06cf8b1aeb7d1b77,NVDA_1h_artifacts/xgb_prob_nvda_1h_v1.pkl,backtest,backtest
2025-02-03 15:30:00+00:00,2025-02-04 14:30:00+00:00,NVDA,SHORT,58.794865,116.53700256347656,120.22837092381388,-230.7370590777527,-0.015947103964674286,stop_loss,06cf8b1aeb7d1b77,NVDA_1h_artifacts/xgb_prob_nvda_1h_v1.pkl,backtest,backtest
2025-02-04 15:30:00+00:00,2025-02-05 14:30:00+00:00,NVDA,SHORT,65.610125,120.11000061035156,123.36517580698691,-229.33331585573532,-0.016106945131800804,stop_loss,06cf8b1aeb7d1b77,NVDA_1h_artifacts/xgb_prob_nvda_1h_v1.pkl,backtest,backtest
2025-02-05 15:30:00+00:00,2025-02-06 14:30:00+00:00,NVDA,LONG,71.662042,123.22599792480467,127.4120319026245,282.31848945439333,0.02015289562131189,trailing_stop,06cf8b1aeb7d1b77,NVDA_1h_artifacts/xgb_prob_nvda_1h_v1.pkl,backtest,backtest
2025-02-06 15:30:00+00:00,2025-02-07 14:30:00+00:00,NVDA,LONG,84.345409,126.86000061035156,130.2937489180533,268.2207881417199,0.018768315765468356,trailing_stop,06cf8b1aeb7d1b77,NVDA_1h_artifacts/xgb_prob_nvda_1h_v1.pkl,backtest,backtest
2025-02-07 16:30:00+00:00,2025-02-10 14:30:00+00:00,NVDA,LONG,91.204776,128.23500061035156,134.71316843056783,567.4485559211794,0.03897480335665387,trailing_stop,06cf8b1aeb7d1b77,NVDA_1h_artifacts/xgb_prob_nvda_1h_v1.pkl,backtest,backtest
2025-02-10 15:30:00+00:00,2025-02-12 14:30:00+00:00,NVDA,LONG,91.641688,133.47500610351562,130.9990339324371,-251.3660189289337,-0.016617243701112564,stop_loss,06cf8b1aeb7d1b77,NVDA_1h_artifacts/xgb_prob_nvda_1h_v1.pkl,backtest,backtest
2025-02-12 15:30:00+00:00,2025-02-13 14:30:00+00:00,NVDA,LONG,102.875891,130.61990356445312,134.8849287067156,411.89298372460075,0.027689443514972226,trailing_stop,06cf8b1aeb7d1b77,NVDA_1h_artifacts/xgb_prob_nvda_1h_v1.pkl,backtest,backtest
2025-02-13 15:30:00+00:00,2025-02-13 17:30:00+00:00,NVDA,SHORT,107.246651,135.71499633789062,133.48484478164227,210.06632793464254,0.013741191177222918,trailing_stop,06cf8b1aeb7d1b77,NVDA_1h_artifacts/xgb_prob_nvda_1h_v1.pkl,backtest,backtest
2025-02-14 14:30:00+00:00,2025-02-18 14:30:00+00:00,NVDA,LONG,111.298856,138.00010681152344,143.37734380057913,567.761817290782,0.03663591366425231,trailing_stop,06cf8b1aeb7d1b77,NVDA_1h_artifacts/xgb_prob_nvda_1h_v1.pkl,backtest,backtest
2025-02-18 15:30:00+00:00,2025-02-18 18:30:00+00:00,NVDA,SHORT,109.439114,141.19500732421875,139.15805322851105,192.0179384873498,0.011952435168568847,trailing_stop,06cf8b1aeb7d1b77,NVDA_1h_artifacts/xgb_prob_nvda_1h_v1.pkl,backtest,backtest
2025-02-18 20:30:00+00:00,2025-02-19 14:30:00+00:00,NVDA,SHORT,121.709359,139.41000366210938,137.2801094653018,225.29305306346492,0.013858055443001881,trailing_stop,06cf8b1aeb7d1b77,NVDA_1h_artifacts/xgb_prob_nvda_1h_v1.pkl,backtest,backtest
2025-02-19 15:30:00+00:00,2025-02-20 14:30:00+00:00,NVDA,SHORT,119.335807,139.94830322265625,136.85225342778926,336.0679133759234,0.02038939725369395,trailing_stop,06cf8b1aeb7d1b77,NVDA_1h_artifacts/xgb_prob_nvda_1h_v1.pkl,backtest,backtest
2025-02-20 15:30:00+00:00,2025-02-20 16:30:00+00:00,NVDA,LONG,117.24963,138.3000030517578,139.90545220375427,155.80707068176292,0.009264000359214064,trailing_stop,06cf8b1aeb7d1b77,NVDA_1h_artifacts/xgb_prob_nvda_1h_v1.pkl,backtest,backtest
2025-02-20 18:30:00+00:00,2025-02-21 14:30:00+00:00,NVDA,LONG,128.348927,139.80490112304688,141.40049346588876,168.90494703620345,0.009950593568875808,trailing_stop,06cf8b1aeb7d1b77,NVDA_1h_artifacts/xgb_prob_nvda_1h_v1.pkl,backtest,backtest
2025-02-21 15:30:00+00:00,2025-02-21 17:30:00+00:00,NVDA,SHORT,134.586755,139.19920349121094,136.1173172314462,377.3123327878885,0.022009363851718866,trailing_stop,06cf8b1aeb7d1b77,NVDA_1h_artifacts/xgb_prob_nvda_1h_v1.pkl,backtest,backtest
2025-02-21 20:30:00+00:00,2025-02-24 14:30:00+00:00,NVDA,SHORT,124.485715,134.27000427246094,131.99332732647488,249.98436247526962,0.014268044563686995,trailing_stop,06cf8b1aeb7d1b77,NVDA_1h_artifacts/xgb_prob_nvda_1h_v1.pkl,backtest,backtest
2025-02-24 15:30:00+00:00,2025-02-24 20:30:00+00:00,NVDA,LONG,97.415578,134.0399932861328,131.30369161523274,-292.6735756952662,-0.016469574728454422,stop_loss,06cf8b1aeb7d1b77,NVDA_1h_artifacts/xgb_prob_nvda_1h_v1.pkl,backtest,backtest
2025-02-25 14:30:00+00:00,2025-02-25 16:30:00+00:00,NVDA,LONG,88.737294,125.33999633789062,128.45136032477023,253.84935663475946,0.014524030069887709,trailing_stop,06cf8b1aeb7d1b77,NVDA_1h_artifacts/xgb_prob_nvda_1h_v1.pkl,backtest,backtest
2025-02-25 17:30:00+00:00,2025-02-26 14:30:00+00:00,NVDA,SHORT,90.616741,128.3699951171875,131.3051706969556,-289.2409865007816,-0.016312050910251594,stop_loss,06cf8b1aeb7d1b77,NVDA_1h_artifacts/xgb_prob_nvda_1h_v1.pkl,backtest,backtest
2025-02-26 15:30:00+00:00,2025-02-26 18:30:00+00:00,NVDA,LONG,79.900633,132.4149932861328,129.14045815092143,-282.79751364863534,-0.016213133919509407,stop_loss,06cf8b1aeb7d1b77,NVDA_1h_artifacts/xgb_prob_nvda_1h_v1.pkl,backtest,backtest
2025-02-26 19:30:00+00:00,2025-02-27 14:30:00+00:00,NVDA,LONG,82.338047,130.74000549316406,134.90621754654424,321.5080104290309,0.018736227918788446,trailing_stop,06cf8b1aeb7d1b77,NVDA_1h_artifacts/xgb_prob_nvda_1h_v1.pkl,backtest,backtest
2025-02-27 15:30:00+00:00,2025-02-27 19:30:00+00:00,NVDA,LONG,70.028312,126.27999877929688,122.53554056987274,-279.9044380682673,-0.016011735110321994,stop_loss,06cf8b1aeb7d1b77,NVDA_1h_artifacts/xgb_prob_nvda_1h_v1.pkl,backtest,backtest
2025-02-27 20:30:00+00:00,2025-02-28 15:30:00+00:00,NVDA,LONG,69.524989,120.01000213623048,123.58866164591343,232.1188748886297,0.013494262371984195,trailing_stop,06cf8b1aeb7d1b77,NVDA_1h_artifacts/xgb_prob_nvda_1h_v1.pkl,backtest,backtest
2025-02-28 16:30:00+00:00,2025-02-28 17:30:00+00:00,NVDA,SHORT,68.295972,122.18099975585938,118.95986947525013,203.3012831763248,0.011661583292465104,trailing_stop,06cf8b1aeb7d1b77,NVDA_1h_artifacts/xgb_prob_nvda_1h_v1.pkl,backtest,backtest
2025-02-28 18:30:00+00:00,2025-02-28 20:30:00+00:00,NVDA,LONG,70.709258,120.47000122070312,124.95775803226013,300.28926543449165,0.01702636533758948,trailing_stop,06cf8b1aeb7d1b77,NVDA_1h_artifacts/xgb_prob_nvda_1h_v1.pkl,backtest,backtest
2025-03-03 14:30:00+00:00,2025-03-03 17:30:00+00:00,NVDA,SHORT,65.537983,119.51000213623048,114.63316208900234,303.95337113228874,0.016945597753025506,trailing_stop,06cf8b1aeb7d1b77,NVDA_1h_artifacts/xgb_prob_nvda_1h_v1.pkl,backtest,backtest
2025-03-03 19:30:00+00:00,2025-03-04 16:30:00+00:00,NVDA,LONG,67.629898,113.16999816894533,116.47862561733093,208.45478598866694,0.011427838090556731,trailing_stop,06cf8b1aeb7d1b77,NVDA_1h_artifacts/xgb_prob_nvda_1h_v1.pkl,backtest,backtest
2025-03-04 17:30:00+00:00,2025-03-04 19:30:00+00:00,NVDA,LONG,67.187181,116.1999969482422,119.18642877052376,185.03563493346897,0.010029347517078794,trailing_stop,06cf8b1aeb7d1b77,NVDA_1h_artifacts/xgb_prob_nvda_1h_v1.pkl,backtest,backtest
2025-03-04 20:30:00+00:00,2025-03-06 16:30:00+00:00,NVDA,LONG,68.990387,115.95999908447266,111.9084662410344,-295.5170692387303,-0.015858637913632432,stop_loss,06cf8b1aeb7d1b77,NVDA_1h_artifacts/xgb_prob_nvda_1h_v1.pkl,backtest,backtest
2025-03-06 17:30:00+00:00,2025-03-07 16:30:00+00:00,NVDA,SHORT,77.951047,111.53500366210938,107.66586556429937,284.21482508665804,0.01549788931958584,trailing_stop,06cf8b1aeb7d1b77,NVDA_1h_artifacts/xgb_prob_nvda_1h_v1.pkl,backtest,backtest
2025-03-07 18:30:00+00:00,2025-03-10 13:30:00+00:00,NVDA,LONG,86.83032,112.25,109.03283707035126,-298.8406935135373,-0.01604672972501885,stop_loss,06cf8b1aeb7d1b77,NVDA_1h_artifacts/xgb_prob_nvda_1h_v1.pkl,backtest,backtest
2025-03-10 14:30:00+00:00,2025-03-11 13:30:00+00:00,NVDA,LONG,83.800718,107.658203125,110.89159846463102,252.9171815980034,0.013802274561327096,trailing_stop,06cf8b1aeb7d1b77,NVDA_1h_artifacts/xgb_prob_nvda_1h_v1.pkl,backtest,backtest
2025-03-11 14:30:00+00:00,2025-03-12 13:30:00+00:00,NVDA,SHORT,81.238281,108.8949966430664,112.32513363115253,-296.35131718020074,-0.015952396272044596,stop_loss,06cf8b1aeb7d1b77,NVDA_1h_artifacts/xgb_prob_nvda_1h_v1.pkl,backtest,backtest
2025-03-12 14:30:00+00:00,2025-03-13 13:30:00+00:00,NVDA,LONG,72.019488,114.51000213623048,117.64577756798573,209.34303762853153,0.011451476362999537,trailing_stop,06cf8b1aeb7d1b77,NVDA_1h_artifacts/xgb_prob_nvda_1h_v1.pkl,backtest,backtest
2025-03-13 14:30:00+00:00,2025-03-14 13:30:00+00:00,NVDA,SHORT,85.974024,116.08000183105467,119.30601473017889,-297.31304014030104,-0.016079474989040315,stop_loss,06cf8b1aeb7d1b77,NVDA_1h_artifacts/xgb_prob_nvda_1h_v1.pkl,backtest,backtest
2025-03-14 14:30:00+00:00,2025-03-17 15:30:00+00:00,NVDA,SHORT,88.441454,120.93000030517578,118.37256632551153,204.7927295520926,0.0112567344475149,trailing_stop,06cf8b1aeb7d1b77,NVDA_1h_artifacts/xgb_prob_nvda_1h_v1.pkl,backtest,backtest
2025-03-17 16:30:00+00:00,2025-03-17 18:30:00+00:00,NVDA,LONG,110.968426,119.17489624023438,121.00539533797087,176.67830236125445,0.009603281894300156,trailing_stop,06cf8b1aeb7d1b77,NVDA_1h_artifacts/xgb_prob_nvda_1h_v1.pkl,backtest,backtest
2025-03-17 19:30:00+00:00,2025-03-18 13:30:00+00:00,NVDA,SHORT,121.816937,119.4800033569336,114.6086159259014,564.3081197052574,0.03038099584578416,trailing_stop,06cf8b1aeb7d1b77,NVDA_1h_artifacts/xgb_prob_nvda_1h_v1.pkl,backtest,backtest
2025-03-18 14:30:00+00:00,2025-03-18 16:30:00+00:00,NVDA,LONG,113.225431,116.75499725341795,118.94393237950393,221.40385331128027,0.011568393187971374,trailing_stop,06cf8b1aeb7d1b77,NVDA_1h_artifacts/xgb_prob_nvda_1h_v1.pkl,backtest,backtest
2025-03-18 19:30:00+00:00,2025-03-19 13:30:00+00:00,NVDA,LONG,119.768171,115.58000183105467,118.08726279383227,272.6044488846073,0.01408074242053947,trailing_stop,06cf8b1aeb7d1b77,NVDA_1h_artifacts/xgb_prob_nvda_1h_v1.pkl,backtest,backtest
2025-03-19 14:30:00+00:00,2025-03-19 17:30:00+00:00,NVDA,LONG,121.810809,117.24500274658205,119.18747398486734,208.0505757232266,0.01059714803671397,trailing_stop,06cf8b1aeb7d1b77,NVDA_1h_artifacts/xgb_prob_nvda_1h_v1.pkl,backtest,backtest
2025-03-19 19:30:00+00:00,2025-03-20 13:30:00+00:00,NVDA,LONG,128.059073,117.5199966430664,119.37028199685643,206.84682353367964,0.010425355352848891,trailing_stop,06cf8b1aeb7d1b77,NVDA_1h_artifacts/xgb_prob_nvda_1h_v1.pkl,backtest,backtest
2025-03-20 14:30:00+00:00,2025-03-21 13:30:00+00:00,NVDA,LONG,126.685855,119.63999938964844,117.26630198127418,-331.0272769209309,-0.016512071356471335,stop_loss,06cf8b1aeb7d1b77,NVDA_1h_artifacts/xgb_prob_nvda_1h_v1.pkl,backtest,backtest
2025-03-21 14:30:00+00:00,2025-03-21 16:30:00+00:00,NVDA,LONG,135.830883,116.29000091552734,117.92467800313398,190.44808521262354,0.009659293270509899,trailing_stop,06cf8b1aeb7d1b77,NVDA_1h_artifacts/xgb_prob_nvda_1h_v1.pkl,backtest,backtest
2025-03-21 18:30:00+00:00,2025-03-24 13:30:00+00:00,NVDA,LONG,154.50346,116.78500366210938,121.01201940111736,617.001182867373,0.03099416146071786,trailing_stop,06cf8b1aeb7d1b77,NVDA_1h_artifacts/xgb_prob_nvda_1h_v1.pkl,backtest,backtest
2025-03-24 14:30:00+00:00,2025-03-25 13:30:00+00:00,NVDA,SHORT,144.455166,122.04000091552734,118.98393362205627,406.20609100374935,0.019791746509184787,trailing_stop,06cf8b1aeb7d1b77,NVDA_1h_artifacts/xgb_prob_nvda_1h_v1.pkl,backtest,backtest
2025-03-25 14:30:00+00:00,2025-03-26 13:30:00+00:00,NVDA,LONG,176.353462,120.2615966796875,118.48134635768922,-356.3704053512328,-0.017026595823338965,stop_loss,06cf8b1aeb7d1b77,NVDA_1h_artifacts/xgb_prob_nvda_1h_v1.pkl,backtest,backtest
2025-03-26 14:30:00+00:00,2025-03-26 15:30:00+00:00,NVDA,SHORT,157.259552,115.16500091552734,113.6288720015126,205.34935193209355,0.009981085249010401,trailing_stop,06cf8b1aeb7d1b77,NVDA_1h_artifacts/xgb_prob_nvda_1h_v1.pkl,backtest,backtest
2025-03-26 16:30:00+00:00,2025-03-27 13:30:00+00:00,NVDA,LONG,161.286448,113.45999908447266,111.52748710735871,-348.2871129910015,-0.016761334501278938,stop_loss,06cf8b1aeb7d1b77,NVDA_1h_artifacts/xgb_prob_nvda_1h_v1.pkl,backtest,backtest
2025-03-27 14:30:00+00:00,2025-03-27 15:30:00+00:00,NVDA,SHORT,154.042452,113.5500030517578,112.01968334984721,200.7511574368151,0.0098258537810575,trailing_stop,06cf8b1aeb7d1b77,NVDA_1h_artifacts/xgb_prob_nvda_1h_v1.pkl,backtest,backtest
2025-03-27 16:30:00+00:00,2025-03-28 13:30:00+00:00,NVDA,LONG,157.957338,111.69139862060548,109.73216737206336,-344.75990455334585,-0.01671023300212493,stop_loss,06cf8b1aeb7d1b77,NVDA_1h_artifacts/xgb_prob_nvda_1h_v1.pkl,backtest,backtest
2025-03-28 14:30:00+00:00,2025-03-31 13:30:00+00:00,NVDA,SHORT,149.931351,109.65499877929688,103.71089010278922,858.3268001378478,0.04230940396962974,trailing_stop,06cf8b1aeb7d1b77,NVDA_1h_artifacts/xgb_prob_nvda_1h_v1.pkl,backtest,backtest
2025-03-31 14:30:00+00:00,2025-03-31 17:30:00+00:00,NVDA,LONG,145.580654,105.1895980834961,107.50463830614494,306.3979286835397,0.014490167415409911,trailing_stop,06cf8b1aeb7d1b77,NVDA_1h_artifacts/xgb_prob_nvda_1h_v1.pkl,backtest,backtest
2025-03-31 18:30:00+00:00,2025-03-31 19:30:00+00:00,NVDA,LONG,156.560122,107.23999786376952,108.89834077306455,226.05135389940182,0.010537724704467635,trailing_stop,06cf8b1aeb7d1b77,NVDA_1h_artifacts/xgb_prob_nvda_1h_v1.pkl,backtest,backtest
2025-04-01 13:30:00+00:00,2025-04-01 14:30:00+00:00,NVDA,LONG,149.600049,107.12999725341795,109.42479096098928,311.2479454206003,0.014357991714487739,trailing_stop,06cf8b1aeb7d1b77,NVDA_1h_artifacts/xgb_prob_nvda_1h_v1.pkl,backtest,backtest
2025-04-01 15:30:00+00:00,2025-04-01 17:30:00+00:00,NVDA,SHORT,149.399978,109.4000015258789,107.47623538173927,254.72190396927363,0.011584098513511018,trailing_stop,06cf8b1aeb7d1b77,NVDA_1h_artifacts/xgb_prob_nvda_1h_v1.pkl,backtest,backtest
2025-04-01 18:30:00+00:00,2025-04-02 14:30:00+00:00,NVDA,LONG,156.822587,108.61129760742188,110.42617005374379,250.54758277077553,0.011263780356453782,trailing_stop,06cf8b1aeb7d1b77,NVDA_1h_artifacts/xgb_prob_nvda_1h_v1.pkl,backtest,backtest
2025-04-02 15:30:00+00:00,2025-04-02 18:30:00+00:00,NVDA,LONG,148.491367,111.15239715576172,108.88012392966833,-370.4233003380794,-0.016467504853715297,stop_loss,06cf8b1aeb7d1b77,NVDA_1h_artifacts/xgb_prob_nvda_1h_v1.pkl,backtest,backtest
2025-04-02 19:30:00+00:00,2025-04-03 13:30:00+00:00,NVDA,SHORT,149.652046,110.37999725341795,103.32872504262986,1022.2001283944857,0.04620369637164736,trailing_stop,06cf8b1aeb7d1b77,NVDA_1h_artifacts/xgb_prob_nvda_1h_v1.pkl,backtest,backtest
2025-04-03 14:30:00+00:00,2025-04-04 13:30:00+00:00,NVDA,LONG,122.109581,102.96990203857422,100.1266394101348,-372.33683141877884,-0.016086462041833352,stop_loss,06cf8b1aeb7d1b77,NVDA_1h_artifacts/xgb_prob_nvda_1h_v1.pkl,backtest,backtest
2025-04-04 14:30:00+00:00,2025-04-07 13:30:00+00:00,NVDA,SHORT,107.799977,95.0999984741211,86.72506347699549,882.3142447702148,0.038742790185581834,trailing_stop,06cf8b1aeb7d1b77,NVDA_1h_artifacts/xgb_prob_nvda_1h_v1.pkl,backtest,backtest
2025-04-07 14:30:00+00:00,2025-04-07 15:30:00+00:00,NVDA,LONG,78.800023,93.87999725341795,97.43490864112232,265.3316072284473,0.011216272941956554,trailing_stop,06cf8b1aeb7d1b77,NVDA_1h_artifacts/xgb_prob_nvda_1h_v1.pkl,backtest,backtest
2025-04-07 16:30:00+00:00,2025-04-08 13:30:00+00:00,NVDA,SHORT,79.238321,98.23290252685548,102.76125752306024,-374.3868673175955,-0.015650785441925504,stop_loss,06cf8b1aeb7d1b77,NVDA_1h_artifacts/xgb_prob_nvda_1h_v1.pkl,backtest,backtest
2025-04-08 14:30:00+00:00,2025-04-08 18:30:00+00:00,NVDA,SHORT,75.763022,102.05999755859376,95.40985515209532,488.3701377659714,0.020740319044970094,trailing_stop,06cf8b1aeb7d1b77,NVDA_1h_artifacts/xgb_prob_nvda_1h_v1.pkl,backtest,backtest
2025-04-08 19:30:00+00:00,2025-04-09 13:30:00+00:00,NVDA,LONG,78.603683,96.70999908447266,101.04240026619418,325.33916489493157,0.013535908510004246,trailing_stop,06cf8b1aeb7d1b77,NVDA_1h_artifacts/xgb_prob_nvda_1h_v1.pkl,backtest,backtest
2025-04-09 14:30:00+00:00,2025-04-09 16:30:00+00:00,NVDA,LONG,78.906745,99.1688003540039,109.71107153599455,816.2061293952056,0.0335051660535028,trailing_stop,06cf8b1aeb7d1b77,NVDA_1h_artifacts/xgb_prob_nvda_1h_v1.pkl,backtest,backtest
2025-04-09 17:30:00+00:00,2025-04-10 15:30:00+00:00,NVDA,LONG,64.802972,112.02999877929688,106.2023003904262,-392.1719292665409,-0.015576711477828204,stop_loss,06cf8b1aeb7d1b77,NVDA_1h_artifacts/xgb_prob_nvda_1h_v1.pkl,backtest,backtest
2025-04-10 16:30:00+00:00,2025-04-11 16:30:00+00:00,NVDA,LONG,64.683875,106.47000122070312,110.88757301196188,271.97187704888756,0.010973404549638773,trailing_stop,06cf8b1aeb7d1b77,NVDA_1h_artifacts/xgb_prob_nvda_1h_v1.pkl,backtest,backtest
2025-04-11 18:30:00+00:00,2025-04-14 13:30:00+00:00,NVDA,LONG,88.159053,110.11000061035156,114.16210168385037,337.8150065406619,0.013482070659310402,trailing_stop,06cf8b1aeb7d1b77,NVDA_1h_artifacts/xgb_prob_nvda_1h_v1.pkl,backtest,backtest
2025-04-14 14:30:00+00:00,2025-04-16 13:30:00+00:00,NVDA,SHORT,95.841152,111.33350372314452,104.4692321400971,636.5390336540826,0.025066092114130325,trailing_stop,06cf8b1aeb7d1b77,NVDA_1h_artifacts/xgb_prob_nvda_1h_v1.pkl,backtest,backtest
2025-04-16 14:30:00+00:00,2025-04-16 17:30:00+00:00,NVDA,SHORT,126.11084,105.17510223388672,101.83408933162387,394.8105025756028,0.01516695576175793,trailing_stop,06cf8b1aeb7d1b77,NVDA_1h_artifacts/xgb_prob_nvda_1h_v1.pkl,backtest,backtest
2025-04-16 18:30:00+00:00,2025-04-16 19:30:00+00:00,NVDA,LONG,138.229764,101.00499725341795,104.46397527533527,450.20992178449643,0.017036772024779625,trailing_stop,06cf8b1aeb7d1b77,NVDA_1h_artifacts/xgb_prob_nvda_1h_v1.pkl,backtest,backtest
2025-04-17 13:30:00+00:00,2025-04-21 13:30:00+00:00,NVDA,SHORT,127.91921,100.49500274658205,95.66454525769299,592.1978231966903,0.022034459471754173,trailing_stop,06cf8b1aeb7d1b77,NVDA_1h_artifacts/xgb_prob_nvda_1h_v1.pkl,backtest,backtest
2025-04-21 14:30:00+00:00,2025-04-22 13:30:00+00:00,NVDA,SHORT,145.467839,95.88999938964844,98.72239697485472,-439.9205778946229,-0.01601564127843159,stop_loss,06cf8b1aeb7d1b77,NVDA_1h_artifacts/xgb_prob_nvda_1h_v1.pkl,backtest,backtest
2025-04-22 14:30:00+00:00,2025-04-23 13:30:00+00:00,NVDA,LONG,173.473011,98.8949966430664,104.72989002176368,977.8852975855642,0.0361801011959219,trailing_stop,06cf8b1aeb7d1b77,NVDA_1h_artifacts/xgb_prob_nvda_1h_v1.pkl,backtest,backtest
2025-04-23 14:30:00+00:00,2025-04-24 13:30:00+00:00,NVDA,LONG,163.316718,103.13700103759766,105.30783448916276,320.8454016065783,0.01145624867620447,trailing_stop,06cf8b1aeb7d1b77,NVDA_1h_artifacts/xgb_prob_nvda_1h_v1.pkl,backtest,backtest
2025-04-24 14:30:00+00:00,2025-04-25 13:30:00+00:00,NVDA,LONG,188.366588,105.34500122070312,108.03232645550054,466.5153284394882,0.01646893172511057,trailing_stop,06cf8b1aeb7d1b77,NVDA_1h_artifacts/xgb_prob_nvda_1h_v1.pkl,backtest,backtest
2025-04-25 14:30:00+00:00,2025-04-25 16:30:00+00:00,NVDA,LONG,217.858788,108.66000366210938,111.86052350063727,649.9162995878378,0.02257162524155854,trailing_stop,06cf8b1aeb7d1b77,NVDA_1h_artifacts/xgb_prob_nvda_1h_v1.pkl,backtest,backtest
2025-04-25 17:30:00+00:00,2025-04-28 13:30:00+00:00,NVDA,SHORT,212.90938,110.83499908447266,107.92223150637733,572.9599172616263,0.019459689457922775,trailing_stop,06cf8b1aeb7d1b77,NVDA_1h_artifacts/xgb_prob_nvda_1h_v1.pkl,backtest,backtest
2025-04-28 14:30:00+00:00,2025-04-28 19:30:00+00:00,NVDA,SHORT,209.496352,106.5999984741211,108.74918044365833,-494.9104040092945,-0.016488008024440372,stop_loss,06cf8b1aeb7d1b77,NVDA_1h_artifacts/xgb_prob_nvda_1h_v1.pkl,backtest,backtest
2025-04-29 13:30:00+00:00,2025-04-29 17:30:00+00:00,NVDA,LONG,222.691686,108.52999877929688,110.14024280554563,310.25050025728336,0.010509315671820214,trailing_stop,06cf8b1aeb7d1b77,NVDA_1h_artifacts/xgb_prob_nvda_1h_v1.pkl,backtest,backtest
2025-04-29 18:30:00+00:00,2025-04-30 13:30:00+00:00,NVDA,SHORT,250.085608,109.4000015258789,104.13368055568995,1262.3123499592546,0.04231442624396928,trailing_stop,06cf8b1aeb7d1b77,NVDA_1h_artifacts/xgb_prob_nvda_1h_v1.pkl,backtest,backtest
2025-04-30 15:30:00+00:00,2025-04-30 17:30:00+00:00,NVDA,LONG,240.022018,106.05500030517578,107.71170067013045,346.7334944332794,0.011151124717076471,trailing_stop,06cf8b1aeb7d1b77,NVDA_1h_artifacts/xgb_prob_nvda_1h_v1.pkl,backtest,backtest
2025-04-30 18:30:00+00:00,2025-04-30 19:30:00+00:00,NVDA,LONG,259.360421,107.25499725341795,108.82544634298273,351.67693454458606,0.011185378700804618,trailing_stop,06cf8b1aeb7d1b77,NVDA_1h_artifacts/xgb_prob_nvda_1h_v1.pkl,backtest,backtest
2025-05-01 13:30:00+00:00,2025-05-02 13:30:00+00:00,NVDA,LONG,214.899383,113.33000183105467,115.10842956264246,333.47392729053917,0.010489092377480606,trailing_stop,06cf8b1aeb7d1b77,NVDA_1h_artifacts/xgb_prob_nvda_1h_v1.pkl,backtest,backtest
2025-05-02 14:30:00+00:00,2025-05-06 13:30:00+00:00,NVDA,LONG,220.899856,114.6501007080078,112.46861973363414,-532.5412145794492,-0.016576682547821502,stop_loss,06cf8b1aeb7d1b77,NVDA_1h_artifacts/xgb_prob_nvda_1h_v1.pkl,backtest,backtest
2025-05-06 15:30:00+00:00,2025-05-06 19:30:00+00:00,NVDA,SHORT,291.760458,113.01789855957033,114.64217869006356,-539.849022484881,-0.017087408973353268,stop_loss,06cf8b1aeb7d1b77,NVDA_1h_artifacts/xgb_prob_nvda_1h_v1.pkl,backtest,backtest
2025-05-07 15:30:00+00:00,2025-05-07 19:30:00+00:00,NVDA,LONG,316.304832,113.67990112304688,117.63582112109825,1179.3616063360753,0.037978340309495436,trailing_stop,06cf8b1aeb7d1b77,NVDA_1h_artifacts/xgb_prob_nvda_1h_v1.pkl,backtest,backtest
2025-05-08 13:30:00+00:00,2025-05-08 18:30:00+00:00,NVDA,LONG,261.015172,117.23999786376952,118.6244295809698,300.15484637190514,0.00931206642449665,trailing_stop,06cf8b1aeb7d1b77,NVDA_1h_artifacts/xgb_prob_nvda_1h_v1.pkl,backtest,backtest
2025-05-08 19:30:00+00:00,2025-05-09 13:30:00+00:00,NVDA,SHORT,290.397057,117.37000274658205,115.9004117667562,358.5970887797912,0.01102254801712845,trailing_stop,06cf8b1aeb7d1b77,NVDA_1h_artifacts/xgb_prob_nvda_1h_v1.pkl,backtest,backtest
2025-05-09 15:30:00+00:00,2025-05-12 13:30:00+00:00,NVDA,LONG,282.917822,116.28500366210938,122.76768329998016,1768.2674039354602,0.053760381230605656,trailing_stop,06cf8b1aeb7d1b77,NVDA_1h_artifacts/xgb_prob_nvda_1h_v1.pkl,backtest,backtest
2025-05-12 14:30:00+00:00,2025-05-13 13:30:00+00:00,NVDA,LONG,267.833337,121.65139770507812,129.4416593592592,2021.327175346328,0.05831887628161842,trailing_stop,06cf8b1aeb7d1b77,NVDA_1h_artifacts/xgb_prob_nvda_1h_v1.pkl,backtest,backtest
2025-05-13 14:30:00+00:00,2025-05-14 13:30:00+00:00,NVDA,LONG,255.344439,129.8300018310547,134.79535632779337,1201.5729204400272,0.03275715096564548,trailing_stop,06cf8b1aeb7d1b77,NVDA_1h_artifacts/xgb_prob_nvda_1h_v1.pkl,backtest,backtest
2025-05-14 14:30:00+00:00,2025-05-15 16:30:00+00:00,NVDA,LONG,254.260966,134.15499877929688,136.23295671677207,460.12283332310375,0.012145952116849688,trailing_stop,06cf8b1aeb7d1b77,NVDA_1h_artifacts/xgb_prob_nvda_1h_v1.pkl,backtest,backtest
2025-05-15 18:30:00+00:00,2025-05-16 13:30:00+00:00,NVDA,LONG,282.116894,133.73500061035156,136.24883737459157,633.7380139678412,0.01652815569319579,trailing_stop,06cf8b1aeb7d1b77,NVDA_1h_artifacts/xgb_prob_nvda_1h_v1.pkl,backtest,backtest
2025-05-16 16:30:00+00:00,2025-05-19 13:30:00+00:00,NVDA,SHORT,299.863064,135.82179260253906,132.62849903389215,876.0949159704164,0.022477416065350673,trailing_stop,06cf8b1aeb7d1b77,NVDA_1h_artifacts/xgb_prob_nvda_1h_v1.pkl,backtest,backtest
2025-05-19 14:30:00+00:00,2025-05-19 15:30:00+00:00,NVDA,LONG,312.282542,134.9250030517578,133.01073807465818,-682.0609789749668,-0.017114519250054763,stop_loss,06cf8b1aeb7d1b77,NVDA_1h_artifacts/xgb_prob_nvda_1h_v1.pkl,backtest,backtest
2025-05-19 16:30:00+00:00,2025-05-19 17:30:00+00:00,NVDA,SHORT,294.987652,135.27499389648438,133.05975442836245,573.6593836713382,0.014645111498595953,trailing_stop,06cf8b1aeb7d1b77,NVDA_1h_artifacts/xgb_prob_nvda_1h_v1.pkl,backtest,backtest
2025-05-19 18:30:00+00:00,2025-05-20 13:30:00+00:00,NVDA,LONG,298.987667,135.1199951171875,133.12604829775134,-676.9639318755666,-0.01703295282600558,stop_loss,06cf8b1aeb7d1b77,NVDA_1h_artifacts/xgb_prob_nvda_1h_v1.pkl,backtest,backtest
2025-05-20 15:30:00+00:00,2025-05-21 14:30:00+00:00,NVDA,LONG,306.918875,134.0845947265625,135.92271566786826,481.8478254828901,0.012333756149307111,trailing_stop,06cf8b1aeb7d1b77,NVDA_1h_artifacts/xgb_prob_nvda_1h_v1.pkl,backtest,backtest
2025-05-21 15:30:00+00:00,2025-05-21 16:30:00+00:00,NVDA,SHORT,324.898509,137.0850067138672,133.16978310063928,1182.9728857641592,0.029911385237365046,trailing_stop,06cf8b1aeb7d1b77,NVDA_1h_artifacts/xgb_prob_nvda_1h_v1.pkl,backtest,backtest
2025-05-21 17:30:00+00:00,2025-05-21 18:30:00+00:00,NVDA,SHORT,287.715462,132.84500122070312,130.6537033790986,554.0271490756379,0.013601691602937678,trailing_stop,06cf8b1aeb7d1b77,NVDA_1h_artifacts/xgb_prob_nvda_1h_v1.pkl,backtest,backtest
2025-05-21 19:30:00+00:00,2025-05-22 13:30:00+00:00,NVDA,LONG,281.288016,131.72999572753906,133.88394787408552,531.7727875692188,0.012880142246853781,trailing_stop,06cf8b1aeb7d1b77,NVDA_1h_artifacts/xgb_prob_nvda_1h_v1.pkl,backtest,backtest
2025-05-22 14:30:00+00:00,2025-05-23 13:30:00+00:00,NVDA,LONG,285.779416,132.8800048828125,130.68505897536429,-703.2190999691155,-0.016816172402745914,stop_loss,06cf8b1aeb7d1b77,NVDA_1h_artifacts/xgb_prob_nvda_1h_v1.pkl,backtest,backtest
2025-05-23 14:30:00+00:00,2025-05-23 17:30:00+00:00,NVDA,LONG,296.45407,130.97999572753906,132.61758279842223,407.8102464986715,0.009918817520178425,trailing_stop,06cf8b1aeb7d1b77,NVDA_1h_artifacts/xgb_prob_nvda_1h_v1.pkl,backtest,backtest
2025-05-23 19:30:00+00:00,2025-05-27 13:30:00+00:00,NVDA,LONG,335.444182,131.30999755859375,135.34429110667406,1265.1859497447495,0.030469804162780282,trailing_stop,06cf8b1aeb7d1b77,NVDA_1h_artifacts/xgb_prob_nvda_1h_v1.pkl,backtest,backtest
2025-05-27 14:30:00+00:00,2025-05-28 17:30:00+00:00,NVDA,LONG,319.119783,135.2100067138672,137.1896636890039,545.4513283161508,0.012747823333243688,trailing_stop,06cf8b1aeb7d1b77,NVDA_1h_artifacts/xgb_prob_nvda_1h_v1.pkl,backtest,backtest
2025-05-28 18:30:00+00:00,2025-05-28 19:30:00+00:00,NVDA,LONG,440.427503,136.8300018310547,135.3541657826345,-770.5261777269595,-0.0177814065605002,stop_loss,06cf8b1aeb7d1b77,NVDA_1h_artifacts/xgb_prob_nvda_1h_v1.pkl,backtest,backtest
2025-05-29 13:30:00+00:00,2025-05-29 17:30:00+00:00,NVDA,LONG,283.212427,140.61929321289062,138.36501045036272,-718.0911549474881,-0.016871361856461282,stop_loss,06cf8b1aeb7d1b77,NVDA_1h_artifacts/xgb_prob_nvda_1h_v1.pkl,backtest,backtest
2025-05-29 18:30:00+00:00,2025-05-30 13:30:00+00:00,NVDA,LONG,287.686297,138.91000366210938,136.72821908821894,-707.5945340538809,-0.01691004196029161,stop_loss,06cf8b1aeb7d1b77,NVDA_1h_artifacts/xgb_prob_nvda_1h_v1.pkl,backtest,backtest
2025-05-30 15:30:00+00:00,2025-05-30 18:30:00+00:00,NVDA,LONG,253.931276,133.58999633789062,135.39710091270922,391.0350140872916,0.00950566714178962,trailing_stop,06cf8b1aeb7d1b77,NVDA_1h_artifacts/xgb_prob_nvda_1h_v1.pkl,backtest,backtest
2025-05-30 19:30:00+00:00,2025-06-02 13:30:00+00:00,NVDA,LONG,271.936939,134.83999633789062,137.59128319308766,674.840573995424,0.01625022507831696,trailing_stop,06cf8b1aeb7d1b77,NVDA_1h_artifacts/xgb_prob_nvda_1h_v1.pkl,backtest,backtest
2025-06-02 14:30:00+00:00,2025-06-03 13:30:00+00:00,NVDA,LONG,271.943111,136.45989990234375,141.43016439296417,1277.4105286597642,0.030268300093882084,trailing_stop,06cf8b1aeb7d1b77,NVDA_1h_artifacts/xgb_prob_nvda_1h_v1.pkl,backtest,backtest
2025-06-03 15:30:00+00:00,2025-06-05 13:30:00+00:00,NVDA,LONG,305.955976,141.56500244140625,143.13604609099693,394.04487617031214,0.009062601570195204,trailing_stop,06cf8b1aeb7d1b77,NVDA_1h_artifacts/xgb_prob_nvda_1h_v1.pkl,backtest,backtest
2025-06-05 14:30:00+00:00,2025-06-05 16:30:00+00:00,NVDA,SHORT,368.278223,143.0388946533203,140.83360897374232,706.8024713967144,0.0161096888120024,trailing_stop,06cf8b1aeb7d1b77,NVDA_1h_artifacts/xgb_prob_nvda_1h_v1.pkl,backtest,backtest
2025-06-05 17:30:00+00:00,2025-06-05 18:30:00+00:00,NVDA,SHORT,346.976903,140.71499633789062,138.88781988205022,536.3383206120635,0.012030601104697265,trailing_stop,06cf8b1aeb7d1b77,NVDA_1h_artifacts/xgb_prob_nvda_1h_v1.pkl,backtest,backtest
2025-06-05 19:30:00+00:00,2025-06-06 13:30:00+00:00,NVDA,LONG,341.265487,139.9499969482422,143.21051135179815,1017.1808280716581,0.02254514437531014,trailing_stop,06cf8b1aeb7d1b77,NVDA_1h_artifacts/xgb_prob_nvda_1h_v1.pkl,backtest,backtest
2025-06-06 15:30:00+00:00,2025-06-09 13:30:00+00:00,NVDA,SHORT,334.113447,142.25999450683594,144.33120835097222,-787.0823512082536,-0.017060530769484793,stop_loss,06cf8b1aeb7d1b77,NVDA_1h_artifacts/xgb_prob_nvda_1h_v1.pkl,backtest,backtest
2025-06-09 17:30:00+00:00,2025-06-11 13:30:00+00:00,NVDA,SHORT,364.091779,142.83990478515625,144.70815394716448,-784.2278311016704,-0.017293696803797363,stop_loss,06cf8b1aeb7d1b77,NVDA_1h_artifacts/xgb_prob_nvda_1h_v1.pkl,backtest,backtest
2025-06-11 14:30:00+00:00,2025-06-11 15:30:00+00:00,NVDA,SHORT,405.521333,144.1501007080078,142.822446209346,421.48034007839476,0.009457996957670325,trailing_stop,06cf8b1aeb7d1b77,NVDA_1h_artifacts/xgb_prob_nvda_1h_v1.pkl,backtest,backtest
2025-06-11 16:30:00+00:00,2025-06-11 17:30:00+00:00,NVDA,SHORT,415.542687,143.7100067138672,142.06871933614715,562.5896823996297,0.012506199677662554,trailing_stop,06cf8b1aeb7d1b77,NVDA_1h_artifacts/xgb_prob_nvda_1h_v1.pkl,backtest,backtest
2025-06-11 18:30:00+00:00,2025-06-12 13:30:00+00:00,NVDA,LONG,412.857035,142.39999389648438,144.13034751519012,596.8069859921347,0.013102971679871006,trailing_stop,06cf8b1aeb7d1b77,NVDA_1h_artifacts/xgb_prob_nvda_1h_v1.pkl,backtest,backtest
2025-06-12 16:30:00+00:00,2025-06-13 13:30:00+00:00,NVDA,LONG,443.33742,144.3300018310547,142.76874426895924,-820.1376808156361,-0.01777334130163944,stop_loss,06cf8b1aeb7d1b77,NVDA_1h_artifacts/xgb_prob_nvda_1h_v1.pkl,backtest,backtest
2025-06-13 15:30:00+00:00,2025-06-13 17:30:00+00:00,NVDA,SHORT,415.362552,143.0749969482422,141.6141061820686,487.9433251114641,0.010765643125929883,trailing_stop,06cf8b1aeb7d1b77,NVDA_1h_artifacts/xgb_prob_nvda_1h_v1.pkl,backtest,backtest
2025-06-13 18:30:00+00:00,2025-06-16 13:30:00+00:00,NVDA,LONG,428.229227,141.5050048828125,144.84185828157507,1307.7449938492223,0.02854586400998418,trailing_stop,06cf8b1aeb7d1b77,NVDA_1h_artifacts/xgb_prob_nvda_1h_v1.pkl,backtest,backtest
2025-06-16 15:30:00+00:00,2025-06-16 19:30:00+00:00,NVDA,SHORT,412.19779,145.9550018310547,144.32144538945292,553.0236966800999,0.011736543293214729,trailing_stop,06cf8b1aeb7d1b77,NVDA_1h_artifacts/xgb_prob_nvda_1h_v1.pkl,backtest,backtest
2025-06-17 13:30:00+00:00,2025-06-18 14:30:00+00:00,NVDA,LONG,477.074121,144.3986053466797,145.57502773274697,423.4630003189874,0.008882689835106719,trailing_stop,06cf8b1aeb7d1b77,NVDA_1h_artifacts/xgb_prob_nvda_1h_v1.pkl,backtest,backtest
2025-06-18 15:30:00+00:00,2025-06-18 18:30:00+00:00,NVDA,SHORT,515.17041,145.27999877929688,143.9520156514735,534.449699361997,0.01111207576823614,trailing_stop,06cf8b1aeb7d1b77,NVDA_1h_artifacts/xgb_prob_nvda_1h_v1.pkl,backtest,backtest
2025-06-18 19:30:00+00:00,2025-06-20 13:30:00+00:00,NVDA,SHORT,520.452979,145.47000122070312,144.14205377551343,539.7136128235179,0.01109819705704509,trailing_stop,06cf8b1aeb7d1b77,NVDA_1h_artifacts/xgb_prob_nvda_1h_v1.pkl,backtest,backtest
2025-06-20 15:30:00+00:00,2025-06-23 13:30:00+00:00,NVDA,SHORT,470.110749,143.9550018310547,142.36707433406292,611.152197502308,0.012429255092361998,trailing_stop,06cf8b1aeb7d1b77,NVDA_1h_artifacts/xgb_prob_nvda_1h_v1.pkl,backtest,backtest
2025-06-23 14:30:00+00:00,2025-06-23 16:30:00+00:00,NVDA,SHORT,500.293816,143.80999755859375,142.07477591832765,724.2261510994294,0.01454806525455962,trailing_stop,06cf8b1aeb7d1b77,NVDA_1h_artifacts/xgb_prob_nvda_1h_v1.pkl,backtest,backtest
2025-06-23 17:30:00+00:00,2025-06-24 13:30:00+00:00,NVDA,SHORT,479.858419,143.90989685058594,145.4886699919322,-895.7003347284308,-0.017734589778297845,stop_loss,06cf8b1aeb7d1b77,NVDA_1h_artifacts/xgb_prob_nvda_1h_v1.pkl,backtest,backtest
2025-06-24 14:30:00+00:00,2025-06-25 13:30:00+00:00,NVDA,LONG,448.897545,146.90499877929688,152.5102655816312,2384.2999200373642,0.048060738950368456,trailing_stop,06cf8b1aeb7d1b77,NVDA_1h_artifacts/xgb_prob_nvda_1h_v1.pkl,backtest,backtest
2025-06-25 14:30:00+00:00,2025-06-25 16:30:00+00:00,NVDA,LONG,454.265649,152.0500030517578,153.87848647582032,692.4750226839816,0.013318251769525759,trailing_stop,06cf8b1aeb7d1b77,NVDA_1h_artifacts/xgb_prob_nvda_1h_v1.pkl,backtest,backtest
2025-06-25 18:30:00+00:00,2025-06-26 13:30:00+00:00,NVDA,LONG,474.272935,153.75439453125,156.44001505659273,1127.8740329235695,0.021407100118621916,trailing_stop,06cf8b1aeb7d1b77,NVDA_1h_artifacts/xgb_prob_nvda_1h_v1.pkl,backtest,backtest
2025-06-26 14:30:00+00:00,2025-06-26 17:30:00+00:00,NVDA,LONG,445.911465,154.95989990234375,156.43569728115764,519.8781792666485,0.009660507878771405,trailing_stop,06cf8b1aeb7d1b77,NVDA_1h_artifacts/xgb_prob_nvda_1h_v1.pkl,backtest,backtest
2025-06-26 19:30:00+00:00,2025-06-27 13:30:00+00:00,NVDA,LONG,517.743178,155.0800018310547,157.39778198043035,1039.431634458559,0.01913017445160481,trailing_stop,06cf8b1aeb7d1b77,NVDA_1h_artifacts/xgb_prob_nvda_1h_v1.pkl,backtest,backtest
2025-06-27 14:30:00+00:00,2025-06-27 17:30:00+00:00,NVDA,SHORT,496.025356,157.91009521484375,156.3202403007863,631.9535273438177,0.011412439340021773,trailing_stop,06cf8b1aeb7d1b77,NVDA_1h_artifacts/xgb_prob_nvda_1h_v1.pkl,backtest,backtest
2025-06-27 18:30:00+00:00,2025-06-27 19:30:00+00:00,NVDA,LONG,506.702853,156.47000122070312,157.80026743961346,515.4820963165037,0.009204042919943027,trailing_stop,06cf8b1aeb7d1b77,NVDA_1h_artifacts/xgb_prob_nvda_1h_v1.pkl,backtest,backtest
2025-06-30 13:30:00+00:00,2025-07-01 13:30:00+00:00,NVDA,SHORT,475.601053,157.10000610351562,154.44358524556813,1113.962700592715,0.01970864273169243,trailing_stop,06cf8b1aeb7d1b77,NVDA_1h_artifacts/xgb_prob_nvda_1h_v1.pkl,backtest,backtest
2025-07-01 14:30:00+00:00,2025-07-01 16:30:00+00:00,NVDA,LONG,442.581204,152.88499450683594,154.92139411315114,765.9441397033696,0.013289451758164103,trailing_stop,06cf8b1aeb7d1b77,NVDA_1h_artifacts/xgb_prob_nvda_1h_v1.pkl,backtest,backtest
2025-07-01 19:30:00+00:00,2025-07-02 13:30:00+00:00,NVDA,LONG,469.816936,153.27999877929688,156.1040656021601,1182.7673430237048,0.02025236614385891,trailing_stop,06cf8b1aeb7d1b77,NVDA_1h_artifacts/xgb_prob_nvda_1h_v1.pkl,backtest,backtest
2025-07-02 14:30:00+00:00,2025-07-03 13:30:00+00:00,NVDA,LONG,438.162901,156.36500549316406,160.9188018356039,1858.2779271230913,0.031187423897906772,trailing_stop,06cf8b1aeb7d1b77,NVDA_1h_artifacts/xgb_prob_nvda_1h_v1.pkl,backtest,backtest
2025-07-03 14:30:00+00:00,2025-07-07 13:30:00+00:00,NVDA,SHORT,467.444047,159.80499267578125,158.08914835773263,652.6614270362592,0.010622314931389059,trailing_stop,06cf8b1aeb7d1b77,NVDA_1h_artifacts/xgb_prob_nvda_1h_v1.pkl,backtest,backtest
2025-07-07 14:30:00+00:00,2025-07-08 17:30:00+00:00,NVDA,SHORT,499.021346,158.27999877929688,160.146506507823,-1089.3973950799584,-0.01754400232197796,stop_loss,06cf8b1aeb7d1b77,NVDA_1h_artifacts/xgb_prob_nvda_1h_v1.pkl,backtest,backtest
2025-07-08 18:30:00+00:00,2025-07-09 13:30:00+00:00,NVDA,LONG,646.278243,159.89500427246094,164.37752020001136,2690.2791930254357,0.04409878135645979,trailing_stop,06cf8b1aeb7d1b77,NVDA_1h_artifacts/xgb_prob_nvda_1h_v1.pkl,backtest,backtest
2025-07-09 14:30:00+00:00,2025-07-10 13:30:00+00:00,NVDA,SHORT,582.945325,163.35000610351562,161.93916903133785,631.992630769187,0.009922010010056822,trailing_stop,06cf8b1aeb7d1b77,NVDA_1h_artifacts/xgb_prob_nvda_1h_v1.pkl,backtest,backtest
2025-07-10 14:30:00+00:00,2025-07-10 17:30:00+00:00,NVDA,LONG,641.001069,162.59669494628906,164.44484549136965,976.2171645167118,0.01517561320583242,trailing_stop,06cf8b1aeb7d1b77,NVDA_1h_artifacts/xgb_prob_nvda_1h_v1.pkl,backtest,backtest
2025-07-10 18:30:00+00:00,2025-07-11 13:30:00+00:00,NVDA,LONG,707.356721,164.05999755859375,167.55345654278918,2239.0238081678385,0.034286041337815265,trailing_stop,06cf8b1aeb7d1b77,NVDA_1h_artifacts/xgb_prob_nvda_1h_v1.pkl,backtest,backtest
2025-07-11 14:30:00+00:00,2025-07-11 18:30:00+00:00,NVDA,SHORT,608.919247,166.4949951171875,164.8799172640812,780.6879760478116,0.011558339849295962,trailing_stop,06cf8b1aeb7d1b77,NVDA_1h_artifacts/xgb_prob_nvda_1h_v1.pkl,backtest,backtest
2025-07-11 19:30:00+00:00,2025-07-14 13:30:00+00:00,NVDA,SHORT,683.654975,164.8800048828125,162.06497692469807,1699.065797096702,0.024867792321016928,trailing_stop,06cf8b1aeb7d1b77,NVDA_1h_artifacts/xgb_prob_nvda_1h_v1.pkl,backtest,backtest
2025-07-14 14:30:00+00:00,2025-07-15 13:30:00+00:00,NVDA,LONG,592.615778,164.75469970703125,172.19783543290467,4215.647199855993,0.060203736683467124,trailing_stop,06cf8b1aeb7d1b77,NVDA_1h_artifacts/xgb_prob_nvda_1h_v1.pkl,backtest,backtest
2025-07-15 14:30:00+00:00,2025-07-16 13:30:00+00:00,NVDA,SHORT,519.831069,171.38499450683594,169.67426648502092,711.1070865382593,0.009578662365712861,trailing_stop,06cf8b1aeb7d1b77,NVDA_1h_artifacts/xgb_prob_nvda_1h_v1.pkl,backtest,backtest
2025-07-16 14:30:00+00:00,2025-07-17 13:30:00+00:00,NVDA,LONG,591.826878,170.37860107421875,173.58320913488498,1694.9039126542057,0.02261386409370905,trailing_stop,06cf8b1aeb7d1b77,NVDA_1h_artifacts/xgb_prob_nvda_1h_v1.pkl,backtest,backtest
2025-07-17 14:30:00+00:00,2025-07-18 14:30:00+00:00,NVDA,LONG,661.580779,173.11500549316406,171.37724323406064,-1378.7292294759538,-0.017988584973715277,stop_loss,06cf8b1aeb7d1b77,NVDA_1h_artifacts/xgb_prob_nvda_1h_v1.pkl,backtest,backtest
2025-07-18 15:30:00+00:00,2025-07-21 13:30:00+00:00,NVDA,LONG,723.703911,172.15469360351562,173.33320442392977,603.7148397737947,0.008021088983977413,trailing_stop,06cf8b1aeb7d1b77,NVDA_1h_artifacts/xgb_prob_nvda_1h_v1.pkl,backtest,backtest
2025-07-21 14:30:00+00:00,2025-07-21 15:30:00+00:00,NVDA,SHORT,810.476249,172.6981964111328,171.4921219911509,697.5590990490743,0.009194177269638856,trailing_stop,06cf8b1aeb7d1b77,NVDA_1h_artifacts/xgb_prob_nvda_1h_v1.pkl,backtest,backtest
2025-07-21 16:30:00+00:00,2025-07-21 19:30:00+00:00,NVDA,LONG,827.834703,172.55479431152344,171.16743005184543,-1434.2019736635714,-0.018731279514381475,stop_loss,06cf8b1aeb7d1b77,NVDA_1h_artifacts/xgb_prob_nvda_1h_v1.pkl,backtest,backtest
2025-07-22 13:30:00+00:00,2025-07-22 14:30:00+00:00,NVDA,LONG,606.160812,166.0847930908203,168.14421990552793,1046.9956441761776,0.013935227026284405,trailing_stop,06cf8b1aeb7d1b77,NVDA_1h_artifacts/xgb_prob_nvda_1h_v1.pkl,backtest,backtest
2025-07-22 15:30:00+00:00,2025-07-23 13:30:00+00:00,NVDA,LONG,603.741957,167.5509033203125,170.34321300663436,1483.5194940345677,0.019473867873917392,trailing_stop,06cf8b1aeb7d1b77,NVDA_1h_artifacts/xgb_prob_nvda_1h_v1.pkl,backtest,backtest
2025-07-23 14:30:00+00:00,2025-07-24 13:30:00+00:00,NVDA,SHORT,613.480989,169.52330017089844,171.4222228717769,-1372.9516202642499,-0.0176782022226659,stop_loss,06cf8b1aeb7d1b77,NVDA_1h_artifacts/xgb_prob_nvda_1h_v1.pkl,backtest,backtest
2025-07-24 14:30:00+00:00,2025-07-25 13:30:00+00:00,NVDA,LONG,617.79592,172.67849731445312,174.66443147678405,1013.5418806514604,0.01328528212042563,trailing_stop,06cf8b1aeb7d1b77,NVDA_1h_artifacts/xgb_prob_nvda_1h_v1.pkl,backtest,backtest
2025-07-25 14:30:00+00:00,2025-07-28 13:30:00+00:00,NVDA,LONG,738.744635,174.06809997558594,175.52291817695175,817.5553911961268,0.01057583178670145,trailing_stop,06cf8b1aeb7d1b77,NVDA_1h_artifacts/xgb_prob_nvda_1h_v1.pkl,backtest,backtest
2025-07-28 14:30:00+00:00,2025-07-28 18:30:00+00:00,NVDA,LONG,797.029286,174.92999267578125,176.23088666548233,758.0019534484172,0.00970283765399647,trailing_stop,06cf8b1aeb7d1b77,NVDA_1h_artifacts/xgb_prob_nvda_1h_v1.pkl,backtest,backtest
2025-07-28 19:30:00+00:00,2025-07-29 13:30:00+00:00,NVDA,LONG,890.803455,176.75,179.34015787107268,1992.422559204485,0.02525900934880619,trailing_stop,06cf8b1aeb7d1b77,NVDA_1h_artifacts/xgb_prob_nvda_1h_v1.pkl,backtest,backtest
2025-07-29 14:30:00+00:00,2025-07-30 13:30:00+00:00,NVDA,LONG,738.258503,175.85989379882812,178.69071050264995,1830.2143781635705,0.022630973277507932,trailing_stop,06cf8b1aeb7d1b77,NVDA_1h_artifacts/xgb_prob_nvda_1h_v1.pkl,backtest,backtest
2025-07-30 14:30:00+00:00,2025-07-30 17:30:00+00:00,NVDA,LONG,737.284559,178.26519775390625,179.6295154999253,743.0260522874593,0.008984343912742993,trailing_stop,06cf8b1aeb7d1b77,NVDA_1h_artifacts/xgb_prob_nvda_1h_v1.pkl,backtest,backtest
2025-07-30 18:30:00+00:00,2025-07-31 13:30:00+00:00,NVDA,LONG,752.772175,178.58999633789062,183.24011045929967,3231.60136121827,0.0387271628225909,trailing_stop,06cf8b1aeb7d1b77,NVDA_1h_artifacts/xgb_prob_nvda_1h_v1.pkl,backtest,backtest
2025-07-31 14:30:00+00:00,2025-07-31 15:30:00+00:00,NVDA,LONG,642.428585,179.889892578125,181.42929115759893,757.82083287291,0.008743049767849771,trailing_stop,06cf8b1aeb7d1b77,NVDA_1h_artifacts/xgb_prob_nvda_1h_v1.pkl,backtest,backtest
2025-07-31 16:30:00+00:00,2025-07-31 17:30:00+00:00,NVDA,SHORT,613.109126,179.02000427246094,175.9941666415122,1635.6510686168758,0.01870710210687006,trailing_stop,06cf8b1aeb7d1b77,NVDA_1h_artifacts/xgb_prob_nvda_1h_v1.pkl,backtest,backtest
2025-07-31 19:30:00+00:00,2025-08-01 13:30:00+00:00,NVDA,SHORT,615.214199,177.85000610351562,170.95515017309194,4022.9815703617696,0.045166305122058326,trailing_stop,06cf8b1aeb7d1b77,NVDA_1h_artifacts/xgb_prob_nvda_1h_v1.pkl,backtest,backtest
2025-08-01 14:30:00+00:00,2025-08-01 17:30:00+00:00,NVDA,LONG,531.598303,174.77999877929688,172.15320153348125,-1582.226459699492,-0.0169961190270295,stop_loss,06cf8b1aeb7d1b77,NVDA_1h_artifacts/xgb_prob_nvda_1h_v1.pkl,backtest,backtest
2025-08-01 18:30:00+00:00,2025-08-04 13:30:00+00:00,NVDA,LONG,518.736478,173.75,178.02062084988333,2035.0658924368452,0.022238442319516345,trailing_stop,06cf8b1aeb7d1b77,NVDA_1h_artifacts/xgb_prob_nvda_1h_v1.pkl,backtest,backtest
2025-08-04 14:30:00+00:00,2025-08-04 19:30:00+00:00,NVDA,LONG,512.733604,177.8498992919922,179.90790475672088,872.8293193119979,0.009330458932273508,trailing_stop,06cf8b1aeb7d1b77,NVDA_1h_artifacts/xgb_prob_nvda_1h_v1.pkl,backtest,backtest
2025-08-05 14:30:00+00:00,2025-08-05 17:30:00+00:00,NVDA,LONG,589.790641,176.88499450683594,179.04235503669332,1063.7408211857505,0.011266165475044115,trailing_stop,06cf8b1aeb7d1b77,NVDA_1h_artifacts/xgb_prob_nvda_1h_v1.pkl,backtest,backtest
2025-08-05 18:30:00+00:00,2025-08-06 13:30:00+00:00,NVDA,SHORT,638.500175,178.77520751953125,176.31729405059454,1341.082177477182,0.014045273935538482,trailing_stop,06cf8b1aeb7d1b77,NVDA_1h_artifacts/xgb_prob_nvda_1h_v1.pkl,backtest,backtest
2025-08-06 14:30:00+00:00,2025-08-06 19:30:00+00:00,NVDA,LONG,635.042737,178.14999389648438,179.83138315979994,841.4883202972172,0.00869091635633195,trailing_stop,06cf8b1aeb7d1b77,NVDA_1h_artifacts/xgb_prob_nvda_1h_v1.pkl,backtest,backtest
2025-08-07 13:30:00+00:00,2025-08-07 15:30:00+00:00,NVDA,SHORT,657.927777,182.47999572753903,180.54679549083187,1031.7888183606406,0.010564530102999905,trailing_stop,06cf8b1aeb7d1b77,NVDA_1h_artifacts/xgb_prob_nvda_1h_v1.pkl,backtest,backtest
2025-08-08 14:30:00+00:00,2025-08-11 13:30:00+00:00,NVDA,SHORT,680.240793,183.01499938964844,180.31529118099303,1587.4631160929468,0.016084181327066415,trailing_stop,06cf8b1aeb7d1b77,NVDA_1h_artifacts/xgb_prob_nvda_1h_v1.pkl,backtest,backtest
2025-08-11 14:30:00+00:00,2025-08-12 13:30:00+00:00,NVDA,LONG,738.764137,183.1800994873047,181.14390232661933,-1774.9232144021971,-0.017698856028049135,stop_loss,06cf8b1aeb7d1b77,NVDA_1h_artifacts/xgb_prob_nvda_1h_v1.pkl,backtest,backtest
2025-08-12 14:30:00+00:00,2025-08-12 19:30:00+00:00,NVDA,LONG,730.563596,182.0146942138672,184.4193174129564,1490.7835522921841,0.015133367185137631,trailing_stop,06cf8b1aeb7d1b77,NVDA_1h_artifacts/xgb_prob_nvda_1h_v1.pkl,backtest,backtest
2025-08-13 15:30:00+00:00,2025-08-13 17:30:00+00:00,NVDA,LONG,717.991925,180.0500030517578,181.59732855571156,852.4183206105686,0.008524141475444945,trailing_stop,06cf8b1aeb7d1b77,NVDA_1h_artifacts/xgb_prob_nvda_1h_v1.pkl,backtest,backtest
2025-08-13 18:30:00+00:00,2025-08-14 14:30:00+00:00,NVDA,LONG,762.503195,181.26499938964844,182.9604847729517,1016.3827394919788,0.010077872426941803,trailing_stop,06cf8b1aeb7d1b77,NVDA_1h_artifacts/xgb_prob_nvda_1h_v1.pkl,backtest,backtest
2025-08-14 15:30:00+00:00,2025-08-15 13:30:00+00:00,NVDA,LONG,729.320857,181.14349365234372,179.04833985971172,-1792.2628156501764,-0.01759374984125548,stop_loss,06cf8b1aeb7d1b77,NVDA_1h_artifacts/xgb_prob_nvda_1h_v1.pkl,backtest,backtest
2025-08-15 15:30:00+00:00,2025-08-15 19:30:00+00:00,NVDA,LONG,759.725254,178.92999267578125,180.48071572190523,906.2481918325402,0.00905550666049692,trailing_stop,06cf8b1aeb7d1b77,NVDA_1h_artifacts/xgb_prob_nvda_1h_v1.pkl,backtest,backtest
2025-08-18 13:30:00+00:00,2025-08-18 14:30:00+00:00,NVDA,SHORT,831.212071,182.67999267578125,180.99467257408622,1097.1667819432519,0.01086483649034826,trailing_stop,06cf8b1aeb7d1b77,NVDA_1h_artifacts/xgb_prob_nvda_1h_v1.pkl,backtest,backtest
2025-08-18 17:30:00+00:00,2025-08-19 13:30:00+00:00,NVDA,LONG,904.669489,181.76210021972656,180.06954104750156,-1860.0758940897504,-0.018221667574050346,stop_loss,06cf8b1aeb7d1b77,NVDA_1h_artifacts/xgb_prob_nvda_1h_v1.pkl,backtest,backtest
2025-08-19 14:30:00+00:00,2025-08-19 15:30:00+00:00,NVDA,SHORT,804.644133,178.27749633789062,176.86104126082967,852.8423844667386,0.008509671347195207,trailing_stop,06cf8b1aeb7d1b77,NVDA_1h_artifacts/xgb_prob_nvda_1h_v1.pkl,backtest,backtest
2025-08-19 17:30:00+00:00,2025-08-20 13:30:00+00:00,NVDA,SHORT,800.769583,176.5749053955078,168.85779391376172,5896.8365164786765,0.05834223093573762,trailing_stop,06cf8b1aeb7d1b77,NVDA_1h_artifacts/xgb_prob_nvda_1h_v1.pkl,backtest,backtest
2025-08-20 14:30:00+00:00,2025-08-20 17:30:00+00:00,NVDA,LONG,641.913303,172.4250030517578,174.3450090382082,1011.1135780846569,0.009452305742956415,trailing_stop,06cf8b1aeb7d1b77,NVDA_1h_artifacts/xgb_prob_nvda_1h_v1.pkl,backtest,backtest
2025-08-20 18:30:00+00:00,2025-08-21 13:30:00+00:00,NVDA,LONG,645.7288,174.5800018310547,176.8247432313179,1224.031500529561,0.011335602504781586,trailing_stop,06cf8b1aeb7d1b77,NVDA_1h_artifacts/xgb_prob_nvda_1h_v1.pkl,backtest,backtest
2025-08-21 15:30:00+00:00,2025-08-22 13:30:00+00:00,NVDA,LONG,659.417906,174.22569274902344,177.7854767985715,2117.6102607972593,0.019391113591560222,trailing_stop,06cf8b1aeb7d1b77,NVDA_1h_artifacts/xgb_prob_nvda_1h_v1.pkl,backtest,backtest
2025-08-22 14:30:00+00:00,2025-08-25 14:30:00+00:00,NVDA,SHORT,639.290011,178.1300048828125,180.74203070508338,-1897.5954822137614,-0.017045883350679247,stop_loss,06cf8b1aeb7d1b77,NVDA_1h_artifacts/xgb_prob_nvda_1h_v1.pkl,backtest,backtest
2025-08-25 15:30:00+00:00,2025-08-25 19:30:00+00:00,NVDA,SHORT,717.886662,181.5240936279297,179.6485939154587,1085.7687768735043,0.009922474173250855,trailing_stop,06cf8b1aeb7d1b77,NVDA_1h_artifacts/xgb_prob_nvda_1h_v1.pkl,backtest,backtest
2025-08-26 16:30:00+00:00,2025-08-27 13:30:00+00:00,NVDA,LONG,850.860903,181.6199951171875,179.67177466205706,-1966.7313217918881,-0.01779670600277825,stop_loss,06cf8b1aeb7d1b77,NVDA_1h_artifacts/xgb_prob_nvda_1h_v1.pkl,backtest,backtest
2025-08-27 15:30:00+00:00,2025-08-28 13:30:00+00:00,NVDA,LONG,869.589747,181.4042053222656,184.41383115938223,2301.645296241063,0.021204674062795935,trailing_stop,06cf8b1aeb7d1b77,NVDA_1h_artifacts/xgb_prob_nvda_1h_v1.pkl,backtest,backtest
2025-08-28 14:30:00+00:00,2025-08-28 18:30:00+00:00,NVDA,LONG,686.068457,179.156494140625,181.4772979896868,1346.4030767323163,0.012146621730968922,trailing_stop,06cf8b1aeb7d1b77,NVDA_1h_artifacts/xgb_prob_nvda_1h_v1.pkl,backtest,backtest
2025-08-29 14:30:00+00:00,2025-09-02 13:30:00+00:00,NVDA,SHORT,643.246264,174.77499389648438,168.72848099233917,3664.550112090119,0.032663118509415626,trailing_stop,06cf8b1aeb7d1b77,NVDA_1h_artifacts/xgb_prob_nvda_1h_v1.pkl,backtest,backtest
2025-09-02 15:30:00+00:00,2025-09-02 18:30:00+00:00,NVDA,LONG,663.168216,167.93499755859375,170.36138652249653,1386.3657350437018,0.011966196524312234,trailing_stop,06cf8b1aeb7d1b77,NVDA_1h_artifacts/xgb_prob_nvda_1h_v1.pkl,backtest,backtest
2025-09-02 19:30:00+00:00,2025-09-05 13:30:00+00:00,NVDA,LONG,761.259236,170.75,168.43981704632344,-2018.6181394300409,-0.017217356857097438,stop_loss,06cf8b1aeb7d1b77,NVDA_1h_artifacts/xgb_prob_nvda_1h_v1.pkl,backtest,backtest
2025-09-05 14:30:00+00:00,2025-09-08 13:30:00+00:00,NVDA,LONG,728.202055,166.08999633789062,170.88880248586753,3252.6063452070266,0.028228404791472476,trailing_stop,06cf8b1aeb7d1b77,NVDA_1h_artifacts/xgb_prob_nvda_1h_v1.pkl,backtest,backtest
2025-09-08 14:30:00+00:00,2025-09-09 13:30:00+00:00,NVDA,LONG,819.979624,169.9698944091797,167.80257478274453,-2055.9016325900398,-0.0173527202727578,stop_loss,06cf8b1aeb7d1b77,NVDA_1h_artifacts/xgb_prob_nvda_1h_v1.pkl,backtest,backtest
2025-09-09 14:30:00+00:00,2025-09-09 18:30:00+00:00,NVDA,LONG,890.722293,167.7550048828125,170.31117815180306,1977.99427023769,0.01698996982562817,trailing_stop,06cf8b1aeb7d1b77,NVDA_1h_artifacts/xgb_prob_nvda_1h_v1.pkl,backtest,backtest
2025-09-09 19:30:00+00:00,2025-09-10 13:30:00+00:00,NVDA,LONG,945.023725,170.7584991455078,178.8936177502991,7365.138421340858,0.06220593498353115,trailing_stop,06cf8b1aeb7d1b77,NVDA_1h_artifacts/xgb_prob_nvda_1h_v1.pkl,backtest,backtest
2025-09-10 15:30:00+00:00,2025-09-11 13:30:00+00:00,NVDA,LONG,778.783378,177.99000549316406,180.2073290311478,1449.5833995734715,0.011526179850569111,trailing_stop,06cf8b1aeb7d1b77,NVDA_1h_artifacts/xgb_prob_nvda_1h_v1.pkl,backtest,backtest
2025-09-11 14:30:00+00:00,2025-09-15 13:30:00+00:00,NVDA,SHORT,832.957597,178.09500122070312,174.57872105989713,2632.221104614714,0.020691283177236158,trailing_stop,06cf8b1aeb7d1b77,NVDA_1h_artifacts/xgb_prob_nvda_1h_v1.pkl,backtest,backtest
2025-09-15 15:30:00+00:00,2025-09-16 13:30:00+00:00,NVDA,SHORT,1054.864008,177.5850067138672,175.76539850235176,1544.783147103084,0.011897019529912413,trailing_stop,06cf8b1aeb7d1b77,NVDA_1h_artifacts/xgb_prob_nvda_1h_v1.pkl,backtest,backtest
2025-09-16 14:30:00+00:00,2025-09-16 17:30:00+00:00,NVDA,SHORT,1094.987285,176.13999938964844,174.70399083069245,1186.6689937848364,0.009031584090591576,trailing_stop,06cf8b1aeb7d1b77,NVDA_1h_artifacts/xgb_prob_nvda_1h_v1.pkl,backtest,backtest
2025-09-16 18:30:00+00:00,2025-09-17 13:30:00+00:00,NVDA,LONG,1264.245256,174.75,173.17699409863368,-2430.5189654343676,-0.018332791057257058,stop_loss,06cf8b1aeb7d1b77,NVDA_1h_artifacts/xgb_prob_nvda_1h_v1.pkl,backtest,backtest
2025-09-17 14:30:00+00:00,2025-09-17 17:30:00+00:00,NVDA,SHORT,1048.623164,170.40499877929688,168.70584448792317,1424.3912911817447,0.010944466591157116,trailing_stop,06cf8b1aeb7d1b77,NVDA_1h_artifacts/xgb_prob_nvda_1h_v1.pkl,backtest,backtest
2025-09-17 18:30:00+00:00,2025-09-18 13:30:00+00:00,NVDA,SHORT,947.707301,171.18850708007812,173.27097846146194,-2298.0465282751543,-0.017466134824059943,stop_loss,06cf8b1aeb7d1b77,NVDA_1h_artifacts/xgb_prob_nvda_1h_v1.pkl,backtest,backtest
2025-09-18 14:30:00+00:00,2025-09-19 14:30:00+00:00,NVDA,LONG,820.635273,176.2550048828125,178.00911397018808,1150.2016416909953,0.008897427248483367,trailing_stop,06cf8b1aeb7d1b77,NVDA_1h_artifacts/xgb_prob_nvda_1h_v1.pkl,backtest,backtest
2025-09-19 15:30:00+00:00,2025-09-22 15:30:00+00:00,NVDA,SHORT,899.928336,176.0677032470703,178.24160485760072,-2273.252289405305,-0.01742974707447465,stop_loss,06cf8b1aeb7d1b77,NVDA_1h_artifacts/xgb_prob_nvda_1h_v1.pkl,backtest,backtest
2025-09-22 16:30:00+00:00,2025-09-23 13:30:00+00:00,NVDA,SHORT,761.750463,182.9949951171875,179.22070846836635,2596.2715577198255,0.020259557325269704,trailing_stop,06cf8b1aeb7d1b77,NVDA_1h_artifacts/xgb_prob_nvda_1h_v1.pkl,backtest,backtest
2025-09-23 14:30:00+00:00,2025-09-23 17:30:00+00:00,NVDA,SHORT,770.107298,180.21499633789065,177.37640283219673,1908.4518070125882,0.01459655478944717,trailing_stop,06cf8b1aeb7d1b77,NVDA_1h_artifacts/xgb_prob_nvda_1h_v1.pkl,backtest,backtest
2025-09-23 19:30:00+00:00,2025-09-24 15:30:00+00:00,NVDA,LONG,839.902518,178.4499969482422,176.08087948066157,-2289.58893000659,-0.01725970218403208,stop_loss,06cf8b1aeb7d1b77,NVDA_1h_artifacts/xgb_prob_nvda_1h_v1.pkl,backtest,backtest
2025-09-24 16:30:00+00:00,2025-09-25 13:30:00+00:00,NVDA,LONG,820.513575,177.12010192871094,174.73685812572734,-2246.142788958451,-0.017229567561025498,stop_loss,06cf8b1aeb7d1b77,NVDA_1h_artifacts/xgb_prob_nvda_1h_v1.pkl,backtest,backtest
2025-09-25 14:30:00+00:00,2025-09-25 15:30:00+00:00,NVDA,LONG,818.67305,178.0301055908203,180.18957109114908,1476.3993084522076,0.011523615721157952,trailing_stop,06cf8b1aeb7d1b77,NVDA_1h_artifacts/xgb_prob_nvda_1h_v1.pkl,backtest,backtest
2025-09-25 16:30:00+00:00,2025-09-25 17:30:00+00:00,NVDA,SHORT,798.366499,177.9799041748047,175.62134088516288,1598.8115302444642,0.01233690383227979,trailing_stop,06cf8b1aeb7d1b77,NVDA_1h_artifacts/xgb_prob_nvda_1h_v1.pkl,backtest,backtest
2025-09-26 13:30:00+00:00,2025-09-26 16:30:00+00:00,NVDA,LONG,780.685753,175.58999633789062,177.49438458211864,1212.56755342887,0.00924250686331157,trailing_stop,06cf8b1aeb7d1b77,NVDA_1h_artifacts/xgb_prob_nvda_1h_v1.pkl,backtest,backtest
2025-09-26 18:30:00+00:00,2025-09-29 13:30:00+00:00,NVDA,LONG,913.787071,177.68499755859375,183.9347952551451,5386.251824514789,0.04067943940110728,trailing_stop,06cf8b1aeb7d1b77,NVDA_1h_artifacts/xgb_prob_nvda_1h_v1.pkl,backtest,backtest
2025-09-29 14:30:00+00:00,2025-09-30 13:30:00+00:00,NVDA,SHORT,839.350784,182.3249969482422,184.78749801793455,-2372.9714617097347,-0.01722121727102871,stop_loss,06cf8b1aeb7d1b77,NVDA_1h_artifacts/xgb_prob_nvda_1h_v1.pkl,backtest,backtest
2025-09-30 14:30:00+00:00,2025-10-01 13:30:00+00:00,NVDA,LONG,857.09431,186.30990600585935,183.93991287021913,-2350.6779519648,-0.01735836006825302,stop_loss,06cf8b1aeb7d1b77,NVDA_1h_artifacts/xgb_prob_nvda_1h_v1.pkl,backtest,backtest
2025-10-01 15:30:00+00:00,2025-10-02 13:30:00+00:00,NVDA,LONG,896.112133,186.60499572753903,190.98317946835465,3588.9055691484778,0.026970091920283098,trailing_stop,06cf8b1aeb7d1b77,NVDA_1h_artifacts/xgb_prob_nvda_1h_v1.pkl,backtest,backtest
2025-10-02 14:30:00+00:00,2025-10-03 16:30:00+00:00,NVDA,SHORT,939.110294,189.85499572753903,187.01548066377492,2310.028264638827,0.01690362669524291,trailing_stop,06cf8b1aeb7d1b77,NVDA_1h_artifacts/xgb_prob_nvda_1h_v1.pkl,backtest,backtest
2025-10-03 17:30:00+00:00,2025-10-06 13:30:00+00:00,NVDA,SHORT,1082.416369,187.4750061035156,183.38777621982814,4018.232499199629,0.028914645021744886,trailing_stop,06cf8b1aeb7d1b77,NVDA_1h_artifacts/xgb_prob_nvda_1h_v1.pkl,backtest,backtest
2025-10-06 14:30:00+00:00,2025-10-07 13:30:00+00:00,NVDA,LONG,983.631215,185.9698944091797,188.9945826472447,2609.3261802218494,0.01824869556041639,trailing_stop,06cf8b1aeb7d1b77,NVDA_1h_artifacts/xgb_prob_nvda_1h_v1.pkl,backtest,backtest
2025-10-07 14:30:00+00:00,2025-10-08 13:30:00+00:00,NVDA,LONG,975.779537,185.2400054931641,189.3528535496672,3651.7261587379617,0.025081170149278437,trailing_stop,06cf8b1aeb7d1b77,NVDA_1h_artifacts/xgb_prob_nvda_1h_v1.pkl,backtest,backtest
2025-10-08 15:30:00+00:00,2025-10-09 13:30:00+00:00,NVDA,SHORT,1051.309853,188.18499755859372,190.31445609679108,-2634.402227002117,-0.01765116687215388,stop_loss,06cf8b1aeb7d1b77,NVDA_1h_artifacts/xgb_prob_nvda_1h_v1.pkl,backtest,backtest
2025-10-09 15:30:00+00:00,2025-10-10 14:30:00+00:00,NVDA,SHORT,975.676678,193.8500061035156,188.44262090633,4897.589765885697,0.03340473316846777,trailing_stop,06cf8b1aeb7d1b77,NVDA_1h_artifacts/xgb_prob_nvda_1h_v1.pkl,backtest,backtest
2025-10-10 15:30:00+00:00,2025-10-10 16:30:00+00:00,NVDA,SHORT,828.026626,189.1499938964844,186.7232400739415,1696.1743173047525,0.01119503972442139,trailing_stop,06cf8b1aeb7d1b77,NVDA_1h_artifacts/xgb_prob_nvda_1h_v1.pkl,backtest,backtest
2025-10-10 17:30:00+00:00,2025-10-10 19:30:00+00:00,NVDA,SHORT,831.3426,187.72000122070312,182.88293316394302,3709.1414669102464,0.024209934977475013,trailing_stop,06cf8b1aeb7d1b77,NVDA_1h_artifacts/xgb_prob_nvda_1h_v1.pkl,backtest,backtest
2025-10-13 14:30:00+00:00,2025-10-14 13:30:00+00:00,NVDA,LONG,701.518638,188.2749938964844,184.91977542533218,-2617.9051266505926,-0.016683422364396242,stop_loss,06cf8b1aeb7d1b77,NVDA_1h_artifacts/xgb_prob_nvda_1h_v1.pkl,backtest,backtest
2025-10-14 14:30:00+00:00,2025-10-14 16:30:00+00:00,NVDA,LONG,710.343355,181.5500030517578,184.10224930125668,1555.0454871190987,0.010078153699803962,trailing_stop,06cf8b1aeb7d1b77,NVDA_1h_artifacts/xgb_prob_nvda_1h_v1.pkl,backtest,backtest
2025-10-14 17:30:00+00:00,2025-10-14 19:30:00+00:00,NVDA,SHORT,763.768544,182.17999267578125,179.92182829144468,1446.428228433572,0.00928067984096197,trailing_stop,06cf8b1aeb7d1b77,NVDA_1h_artifacts/xgb_prob_nvda_1h_v1.pkl,backtest,backtest
2025-10-15 13:30:00+00:00,2025-10-15 16:30:00+00:00,NVDA,LONG,754.15306,182.36990356445312,179.24122591692733,-2634.571463285251,-0.016748693133219375,stop_loss,06cf8b1aeb7d1b77,NVDA_1h_artifacts/xgb_prob_nvda_1h_v1.pkl,backtest,backtest
2025-10-15 17:30:00+00:00,2025-10-16 13:30:00+00:00,NVDA,LONG,753.048266,179.79490661621094,182.92758058512698,2088.266214909621,0.0135018187026939,trailing_stop,06cf8b1aeb7d1b77,NVDA_1h_artifacts/xgb_prob_nvda_1h_v1.pkl,backtest,backtest
2025-10-16 15:30:00+00:00,2025-10-17 13:30:00+00:00,NVDA,LONG,818.172272,180.96499633789065,183.44378317445407,1731.953573462295,0.011048876613604427,trailing_stop,06cf8b1aeb7d1b77,NVDA_1h_artifacts/xgb_prob_nvda_1h_v1.pkl,backtest,backtest
2025-10-17 14:30:00+00:00,2025-10-17 17:30:00+00:00,NVDA,LONG,785.897512,180.8719940185547,183.77425753269102,1996.5879747488016,0.012597900607152043,trailing_stop,06cf8b1aeb7d1b77,NVDA_1h_artifacts/xgb_prob_nvda_1h_v1.pkl,backtest,backtest
2025-10-17 18:30:00+00:00,2025-10-21 13:30:00+00:00,NVDA,SHORT,866.946259,183.7100067138672,180.01829806333467,2881.9795977742015,0.01795823315990987,trailing_stop,06cf8b1aeb7d1b77,NVDA_1h_artifacts/xgb_prob_nvda_1h_v1.pkl,backtest,backtest
2025-10-21 14:30:00+00:00,2025-10-22 14:30:00+00:00,NVDA,LONG,1021.587317,181.91000366210935,179.5113197531385,-2822.13896404986,-0.017275122652784167,stop_loss,06cf8b1aeb7d1b77,NVDA_1h_artifacts/xgb_prob_nvda_1h_v1.pkl,backtest,backtest
2025-10-22 16:30:00+00:00,2025-10-22 18:30:00+00:00,NVDA,LONG,1060.327172,177.69000244140625,179.56187120559306,1607.974237522601,0.01001589771493522,trailing_stop,06cf8b1aeb7d1b77,NVDA_1h_artifacts/xgb_prob_nvda_1h_v1.pkl,backtest,backtest
2025-10-22 19:30:00+00:00,2025-10-23 14:30:00+00:00,NVDA,LONG,1114.277538,180.2899932861328,182.33450969241986,1876.372527908319,0.011571819493377829,trailing_stop,06cf8b1aeb7d1b77,NVDA_1h_artifacts/xgb_prob_nvda_1h_v1.pkl,backtest,backtest
2025-10-23 15:30:00+00:00,2025-10-24 13:30:00+00:00,NVDA,SHORT,1164.34588,181.82000732421875,183.93312355413562,-2883.8009291238873,-0.017581306289406504,stop_loss,06cf8b1aeb7d1b77,NVDA_1h_artifacts/xgb_prob_nvda_1h_v1.pkl,backtest,backtest
2025-10-24 15:30:00+00:00,2025-10-24 18:30:00+00:00,NVDA,SHORT,1252.57641,185.08999633789065,187.01973183637188,-2880.8198892168252,-0.017877440923013015,stop_loss,06cf8b1aeb7d1b77,NVDA_1h_artifacts/xgb_prob_nvda_1h_v1.pkl,backtest,backtest
2025-10-24 19:30:00+00:00,2025-10-27 13:30:00+00:00,NVDA,LONG,1302.064261,186.25999450683597,191.21530815027637,5967.091832966634,0.037703900415574726,trailing_stop,06cf8b1aeb7d1b77,NVDA_1h_artifacts/xgb_prob_nvda_1h_v1.pkl,backtest,backtest
2025-10-27 14:30:00+00:00,2025-10-28 13:30:00+00:00,NVDA,LONG,1136.065724,190.92449951171875,195.40394239606826,4655.135963990938,0.028345392756515316,trailing_stop,06cf8b1aeb7d1b77,NVDA_1h_artifacts/xgb_prob_nvda_1h_v1.pkl,backtest,backtest
2025-10-28 14:30:00+00:00,2025-10-28 16:30:00+00:00,NVDA,LONG,1244.618449,192.80499267578125,196.50894614636974,4130.071521844836,0.024455056740579875,trailing_stop,06cf8b1aeb7d1b77,NVDA_1h_artifacts/xgb_prob_nvda_1h_v1.pkl,backtest,backtest
2025-10-28 17:30:00+00:00,2025-10-28 18:30:00+00:00,NVDA,LONG,1011.195605,199.3119964599609,202.12890769785957,2445.361433750064,0.014133875139043359,trailing_stop,06cf8b1aeb7d1b77,NVDA_1h_artifacts/xgb_prob_nvda_1h_v1.pkl,backtest,backtest
2025-10-28 19:30:00+00:00,2025-10-29 13:30:00+00:00,NVDA,LONG,968.914898,201.02999877929688,212.1084056936685,10344.4715839165,0.05895643479078947,trailing_stop,06cf8b1aeb7d1b77,NVDA_1h_artifacts/xgb_prob_nvda_1h_v1.pkl,backtest,backtest
2025-10-29 15:30:00+00:00,2025-10-30 13:30:00+00:00,NVDA,LONG,740.144567,206.58999633789065,202.82443353839196,-3092.8737745183494,-0.016645889388486806,stop_loss,06cf8b1aeb7d1b77,NVDA_1h_artifacts/xgb_prob_nvda_1h_v1.pkl,backtest,backtest
2025-10-30 14:30:00+00:00,2025-10-31 13:30:00+00:00,NVDA,LONG,749.107674,203.0749969482422,207.8602439253011,3280.4151552772173,0.017954101681639908,trailing_stop,06cf8b1aeb7d1b77,NVDA_1h_artifacts/xgb_prob_nvda_1h_v1.pkl,backtest,backtest
2025-10-31 14:30:00+00:00,2025-10-31 16:30:00+00:00,NVDA,SHORT,830.156768,205.2801055908203,202.17082709983885,2240.3592449011435,0.012045486295714822,trailing_stop,06cf8b1aeb7d1b77,NVDA_1h_artifacts/xgb_prob_nvda_1h_v1.pkl,backtest,backtest
2025-10-31 18:30:00+00:00,2025-11-03 14:30:00+00:00,NVDA,SHORT,892.109158,204.41000366210935,207.57495195565832,-3188.1914297790745,-0.016937567224713766,stop_loss,06cf8b1aeb7d1b77,NVDA_1h_artifacts/xgb_prob_nvda_1h_v1.pkl,backtest,backtest
2025-11-03 15:30:00+00:00,2025-11-03 17:30:00+00:00,NVDA,LONG,801.328655,207.9149932861328,211.23109217875881,2324.068581626362,0.012559561632955227,trailing_stop,06cf8b1aeb7d1b77,NVDA_1h_artifacts/xgb_prob_nvda_1h_v1.pkl,backtest,backtest
2025-11-03 18:30:00+00:00,2025-11-04 14:30:00+00:00,NVDA,SHORT,815.583466,207.7050018310547,201.00337451785444,5126.93490134231,0.027362940483786066,trailing_stop,06cf8b1aeb7d1b77,NVDA_1h_artifacts/xgb_prob_nvda_1h_v1.pkl,backtest,backtest
2025-11-04 17:30:00+00:00,2025-11-05 15:30:00+00:00,NVDA,LONG,873.44747,199.8251037597656,202.8208248938947,2267.5315827876825,0.011779704929040706,trailing_stop,06cf8b1aeb7d1b77,NVDA_1h_artifacts/xgb_prob_nvda_1h_v1.pkl,backtest,backtest
2025-11-05 17:30:00+00:00,2025-11-05 20:30:00+00:00,NVDA,LONG,957.153326,200.9499969482422,197.89778531903363,-3306.1144284302486,-0.016975125131367216,stop_loss,06cf8b1aeb7d1b77,NVDA_1h_artifacts/xgb_prob_nvda_1h_v1.pkl,backtest,backtest
2025-11-06 14:30:00+00:00,2025-11-06 15:30:00+00:00,NVDA,SHORT,824.652161,193.06500244140625,189.5544716442857,2576.543865148952,0.013457616140840466,trailing_stop,06cf8b1aeb7d1b77,NVDA_1h_artifacts/xgb_prob_nvda_1h_v1.pkl,backtest,backtest
2025-11-06 16:30:00+00:00,2025-11-06 17:30:00+00:00,NVDA,LONG,777.920977,186.82000732421875,189.57275642964072,1850.7588682841279,0.009538384916792812,trailing_stop,06cf8b1aeb7d1b77,NVDA_1h_artifacts/xgb_prob_nvda_1h_v1.pkl,backtest,backtest
2025-11-06 18:30:00+00:00,2025-11-06 20:30:00+00:00,NVDA,SHORT,793.277532,190.5,187.21112430183047,2306.7524572067045,0.011776145435848104,trailing_stop,06cf8b1aeb7d1b77,NVDA_1h_artifacts/xgb_prob_nvda_1h_v1.pkl,backtest,backtest
2025-11-07 15:30:00+00:00,2025-11-07 17:30:00+00:00,NVDA,LONG,742.537251,180.11219787597656,184.37989072785516,2901.440885781489,0.014639675806625113,trailing_stop,06cf8b1aeb7d1b77,NVDA_1h_artifacts/xgb_prob_nvda_1h_v1.pkl,backtest,backtest
2025-11-07 18:30:00+00:00,2025-11-07 20:30:00+00:00,NVDA,LONG,780.822992,184.9850006103516,188.19410540628763,2216.861725100937,0.011024134350832295,trailing_stop,06cf8b1aeb7d1b77,NVDA_1h_artifacts/xgb_prob_nvda_1h_v1.pkl,backtest,backtest
2025-11-10 14:30:00+00:00,2025-11-11 14:30:00+00:00,NVDA,SHORT,709.000705,196.6199951171875,192.2190354830266,2841.476052986254,0.013976176275950354,trailing_stop,06cf8b1aeb7d1b77,NVDA_1h_artifacts/xgb_prob_nvda_1h_v1.pkl,backtest,backtest
2025-11-11 15:30:00+00:00,2025-11-12 14:30:00+00:00,NVDA,LONG,799.541491,192.375,195.77397350455468,2409.99675503889,0.011690499721409451,trailing_stop,06cf8b1aeb7d1b77,NVDA_1h_artifacts/xgb_prob_nvda_1h_v1.pkl,backtest,backtest
2025-11-12 15:30:00+00:00,2025-11-13 14:30:00+00:00,NVDA,SHORT,939.053168,193.1000061035156,187.049940179274,5318.671227823278,0.025501873765600612,trailing_stop,06cf8b1aeb7d1b77,NVDA_1h_artifacts/xgb_prob_nvda_1h_v1.pkl,backtest,backtest
2025-11-13 15:30:00+00:00,2025-11-14 14:30:00+00:00,NVDA,LONG,958.665981,186.2899932861328,182.94348846701746,-3565.360083666715,-0.016670010986475487,stop_loss,06cf8b1aeb7d1b77,NVDA_1h_artifacts/xgb_prob_nvda_1h_v1.pkl,backtest,backtest
2025-11-14 15:30:00+00:00,2025-11-17 14:30:00+00:00,NVDA,LONG,871.467035,189.97979736328125,186.35980969336202,-3485.8221828772257,-0.016574423563676822,stop_loss,06cf8b1aeb7d1b77,NVDA_1h_artifacts/xgb_prob_nvda_1h_v1.pkl,backtest,backtest
2025-11-17 18:30:00+00:00,2025-11-18 14:30:00+00:00,NVDA,SHORT,977.911318,185.3300018310547,179.74516855696507,5098.999055164136,0.024653389450234868,trailing_stop,06cf8b1aeb7d1b77,NVDA_1h_artifacts/xgb_prob_nvda_1h_v1.pkl,backtest,backtest
2025-11-18 16:30:00+00:00,2025-11-18 17:30:00+00:00,NVDA,LONG,920.153962,181.5800018310547,184.5063582513428,2358.535338142609,0.011129024834346465,trailing_stop,06cf8b1aeb7d1b77,NVDA_1h_artifacts/xgb_prob_nvda_1h_v1.pkl,backtest,backtest
2025-11-18 18:30:00+00:00,2025-11-19 14:30:00+00:00,NVDA,SHORT,950.173124,183.4499969482422,186.83282848062333,-3562.894118484505,-0.016626891506079208,stop_loss,06cf8b1aeb7d1b77,NVDA_1h_artifacts/xgb_prob_nvda_1h_v1.pkl,backtest,backtest
2025-11-19 15:30:00+00:00,2025-11-20 14:30:00+00:00,NVDA,SHORT,860.408193,185.38999938964844,189.0636419917922,-3479.8543417885658,-0.01651394693353349,stop_loss,06cf8b1aeb7d1b77,NVDA_1h_artifacts/xgb_prob_nvda_1h_v1.pkl,backtest,backtest
2025-11-20 16:30:00+00:00,2025-11-21 14:30:00+00:00,NVDA,LONG,663.690442,183.6851959228516,179.00133401718185,-3352.4545961827025,-0.016176498360624396,stop_loss,06cf8b1aeb7d1b77,NVDA_1h_artifacts/xgb_prob_nvda_1h_v1.pkl,backtest,backtest
2025-11-21 15:30:00+00:00,2025-11-21 18:30:00+00:00,NVDA,LONG,598.550729,178.86000061035156,184.40670992175467,3105.8733343828844,0.015233095354347735,trailing_stop,06cf8b1aeb7d1b77,NVDA_1h_artifacts/xgb_prob_nvda_1h_v1.pkl,backtest,backtest
2025-11-21 19:30:00+00:00,2025-11-24 14:30:00+00:00,NVDA,SHORT,607.613913,180.38999938964844,176.63329713777574,2063.4096084458565,0.009968368916734858,trailing_stop,06cf8b1aeb7d1b77,NVDA_1h_artifacts/xgb_prob_nvda_1h_v1.pkl,backtest,backtest
2025-11-24 15:30:00+00:00,2025-11-25 14:30:00+00:00,NVDA,LONG,615.636392,182.08999633789065,176.9962643156927,-3360.0892606903085,-0.01607243566184673,stop_loss,06cf8b1aeb7d1b77,NVDA_1h_artifacts/xgb_prob_nvda_1h_v1.pkl,backtest,backtest
2025-11-25 15:30:00+00:00,2025-11-26 14:30:00+00:00,NVDA,LONG,608.161164,174.7238006591797,182.75779965850504,4673.445723029758,0.022719823711419743,trailing_stop,06cf8b1aeb7d1b77,NVDA_1h_artifacts/xgb_prob_nvda_1h_v1.pkl,backtest,backtest
2025-11-26 15:30:00+00:00,2025-11-28 14:30:00+00:00,NVDA,SHORT,726.912291,180.91000366210935,177.10023373400955,2506.3571761642443,0.011913902496319777,trailing_stop,06cf8b1aeb7d1b77,NVDA_1h_artifacts/xgb_prob_nvda_1h_v1.pkl,backtest,backtest
2025-11-28 16:30:00+00:00,2025-12-01 14:30:00+00:00,NVDA,LONG,1000.492913,177.1342010498047,173.94259172750796,-3547.6255336231025,-0.016664998900248872,stop_loss,06cf8b1aeb7d1b77,NVDA_1h_artifacts/xgb_prob_nvda_1h_v1.pkl,backtest,backtest
2025-12-01 15:30:00+00:00,2025-12-02 14:30:00+00:00,NVDA,LONG,926.531589,178.9600067138672,185.5583351978124,5781.935576197616,0.02762099172887313,trailing_stop,06cf8b1aeb7d1b77,NVDA_1h_artifacts/xgb_prob_nvda_1h_v1.pkl,backtest,backtest
2025-12-02 15:30:00+00:00,2025-12-04 14:30:00+00:00,NVDA,LONG,986.203525,180.55999755859372,183.01184550103082,2061.88327146291,0.009585110575842075,trailing_stop,06cf8b1aeb7d1b77,NVDA_1h_artifacts/xgb_prob_nvda_1h_v1.pkl,backtest,backtest
2025-12-04 18:30:00+00:00,2025-12-05 14:30:00+00:00,NVDA,LONG,1354.257866,182.31500244140625,184.58783959000536,2584.204534335187,0.011899179048896147,trailing_stop,06cf8b1aeb7d1b77,NVDA_1h_artifacts/xgb_prob_nvda_1h_v1.pkl,backtest,backtest
2025-12-05 17:30:00+00:00,2025-12-08 14:30:00+00:00,NVDA,SHORT,1449.703464,182.2400054931641,184.51384187368998,-3824.7764119032468,-0.01740439471254673,stop_loss,06cf8b1aeb7d1b77,NVDA_1h_artifacts/xgb_prob_nvda_1h_v1.pkl,backtest,backtest
2025-12-08 15:30:00+00:00,2025-12-08 17:30:00+00:00,NVDA,SHORT,1426.307181,183.4850006103516,185.7559117260937,-3762.42877974836,-0.017423939005270228,stop_loss,06cf8b1aeb7d1b77,NVDA_1h_artifacts/xgb_prob_nvda_1h_v1.pkl,backtest,backtest
