entry_ts,exit_ts,symbol,side,qty,entry_price,exit_price,pnl,pnl_pct,exit_reason,strategy_id,strategy_label,source_type,session_id
2024-12-30 20:30:00+00:00,2024-12-31 14:30:00+00:00,NVDA,LONG,1.0,137.41000366210938,135.7725110508721,59.18319842994624,0.005918319842994624,stop_loss,08bb23db6e7ec52c,NVDA_1h_artifacts/xgb_prob_nvda_1h_v1.pkl,backtest,backtest
2025-01-06 20:30:00+00:00,2025-01-07 14:30:00+00:00,NVDA,LONG,1.0,149.51010131835938,147.73411424570335,-69.83714480559678,-0.006942625800521962,stop_loss,08bb23db6e7ec52c,NVDA_1h_artifacts/xgb_prob_nvda_1h_v1.pkl,backtest,backtest
2025-01-07 15:30:00+00:00,2025-01-07 16:30:00+00:00,NVDA,LONG,1.0,142.76669311523438,147.3848866837261,-128.3590506006769,-0.0128495949496219,stop_loss,08bb23db6e7ec52c,NVDA_1h_artifacts/xgb_prob_nvda_1h_v1.pkl,backtest,backtest
2025-01-14 20:30:00+00:00,2025-01-15 14:30:00+00:00,NVDA,LONG,1.0,131.85000610351562,133.64111195673803,-66.08281561186588,-0.006701440291078664,stop_loss,08bb23db6e7ec52c,NVDA_1h_artifacts/xgb_prob_nvda_1h_v1.pkl,backtest,backtest
2025-01-16 20:30:00+00:00,2025-01-17 14:30:00+00:00,NVDA,LONG,1.0,133.55999755859375,137.5260953899341,146.45572945331352,0.014952237066446772,trailing_stop,08bb23db6e7ec52c,NVDA_1h_artifacts/xgb_prob_nvda_1h_v1.pkl,backtest,backtest
2025-01-21 16:30:00+00:00,2025-01-21 17:30:00+00:00,NVDA,LONG,1.0,139.33009338378906,141.73769784686922,97.41157703569492,0.00979861687438155,trailing_stop,08bb23db6e7ec52c,NVDA_1h_artifacts/xgb_prob_nvda_1h_v1.pkl,backtest,backtest
2025-01-22 14:30:00+00:00,2025-01-22 15:30:00+00:00,NVDA,LONG,1.0,146.37890625,147.06952958529084,19.02185724458954,0.0018948391500042128,trailing_stop,08bb23db6e7ec52c,NVDA_1h_artifacts/xgb_prob_nvda_1h_v1.pkl,backtest,backtest
2025-01-23 20:30:00+00:00,2025-01-24 14:30:00+00:00,NVDA,LONG,1.0,147.1999969482422,148.88340920099284,70.97157334656063,0.00705637617206345,trailing_stop,08bb23db6e7ec52c,NVDA_1h_artifacts/xgb_prob_nvda_1h_v1.pkl,backtest,backtest
2025-01-24 20:30:00+00:00,2025-01-27 14:30:00+00:00,NVDA,LONG,1.0,142.60040283203125,123.14260844476851,842.801403653738,0.08320870411512793,stop_loss,08bb23db6e7ec52c,NVDA_1h_artifacts/xgb_prob_nvda_1h_v1.pkl,backtest,backtest
2025-01-27 15:30:00+00:00,2025-01-27 16:30:00+00:00,NVDA,LONG,1.0,119.1500015258789,117.4409515131673,40.12786153334645,0.003657441456686561,stop_loss,08bb23db6e7ec52c,NVDA_1h_artifacts/xgb_prob_nvda_1h_v1.pkl,backtest,backtest
2025-01-28 16:30:00+00:00,2025-01-28 17:30:00+00:00,NVDA,LONG,1.0,126.0199966430664,125.67942880985396,4.609958210494025,0.0004186420482703568,stop_loss,08bb23db6e7ec52c,NVDA_1h_artifacts/xgb_prob_nvda_1h_v1.pkl,backtest,backtest
2025-01-30 14:30:00+00:00,2025-01-30 15:30:00+00:00,NVDA,LONG,1.0,119.56999969482422,118.27715407984496,30.20930546568142,0.0027422359677196084,stop_loss,08bb23db6e7ec52c,NVDA_1h_artifacts/xgb_prob_nvda_1h_v1.pkl,backtest,backtest
2025-02-05 14:30:00+00:00,2025-02-05 15:30:00+00:00,NVDA,LONG,1.0,122.30999755859376,123.36103866087782,28.643683327351393,0.002593006693768274,trailing_stop,08bb23db6e7ec52c,NVDA_1h_artifacts/xgb_prob_nvda_1h_v1.pkl,backtest,backtest
2025-02-05 20:30:00+00:00,2025-02-06 14:30:00+00:00,NVDA,LONG,1.0,124.95500183105467,127.37524578486524,80.35422639726272,0.007255357680760799,trailing_stop,08bb23db6e7ec52c,NVDA_1h_artifacts/xgb_prob_nvda_1h_v1.pkl,backtest,backtest
2025-02-07 20:30:00+00:00,2025-02-10 14:30:00+00:00,NVDA,LONG,1.0,129.86000061035156,134.67670593021217,192.11866923137524,0.017221861282595174,trailing_stop,08bb23db6e7ec52c,NVDA_1h_artifacts/xgb_prob_nvda_1h_v1.pkl,backtest,backtest
2025-02-12 20:30:00+00:00,2025-02-13 14:30:00+00:00,NVDA,LONG,1.0,131.07989501953125,132.95510121433009,-100.15256489898826,-0.00882585743576536,stop_loss,08bb23db6e7ec52c,NVDA_1h_artifacts/xgb_prob_nvda_1h_v1.pkl,backtest,backtest
2025-02-18 20:30:00+00:00,2025-02-19 14:30:00+00:00,NVDA,LONG,1.0,139.41000366210938,137.23804067874897,-112.50028877068495,-0.010002268428333072,stop_loss,08bb23db6e7ec52c,NVDA_1h_artifacts/xgb_prob_nvda_1h_v1.pkl,backtest,backtest
2025-02-21 16:30:00+00:00,2025-02-21 17:30:00+00:00,NVDA,LONG,1.0,138.99110412597656,136.14956507236244,135.3940202953347,0.012159344210874501,stop_loss,08bb23db6e7ec52c,NVDA_1h_artifacts/xgb_prob_nvda_1h_v1.pkl,backtest,backtest
2025-02-26 20:30:00+00:00,2025-02-27 14:30:00+00:00,NVDA,LONG,1.0,131.52000427246094,134.85715367192566,100.52951258440459,0.008919804930106245,trailing_stop,08bb23db6e7ec52c,NVDA_1h_artifacts/xgb_prob_nvda_1h_v1.pkl,backtest,backtest
2025-02-27 18:30:00+00:00,2025-02-27 19:30:00+00:00,NVDA,LONG,1.0,123.74500274658205,121.74299901305984,51.3243757416129,0.004513659651395052,stop_loss,08bb23db6e7ec52c,NVDA_1h_artifacts/xgb_prob_nvda_1h_v1.pkl,backtest,backtest
2025-02-28 19:30:00+00:00,2025-02-28 20:30:00+00:00,NVDA,LONG,1.0,121.88500213623048,124.68648943099964,-78.25168004324502,-0.006850826300954682,stop_loss,08bb23db6e7ec52c,NVDA_1h_artifacts/xgb_prob_nvda_1h_v1.pkl,backtest,backtest
2025-03-03 14:30:00+00:00,2025-03-03 15:30:00+00:00,NVDA,LONG,1.0,119.51000213623048,118.69947898664873,17.310128757342497,0.0015259317115752236,stop_loss,08bb23db6e7ec52c,NVDA_1h_artifacts/xgb_prob_nvda_1h_v1.pkl,backtest,backtest
2025-03-03 16:30:00+00:00,2025-03-03 17:30:00+00:00,NVDA,LONG,1.0,118.41000366210938,114.68546021620014,94.01444951627951,0.00827498488340428,stop_loss,08bb23db6e7ec52c,NVDA_1h_artifacts/xgb_prob_nvda_1h_v1.pkl,backtest,backtest
2025-03-04 16:30:00+00:00,2025-03-04 17:30:00+00:00,NVDA,LONG,1.0,116.01020050048828,116.66208142294701,-17.544814461768944,-0.0015315895303629201,stop_loss,08bb23db6e7ec52c,NVDA_1h_artifacts/xgb_prob_nvda_1h_v1.pkl,backtest,backtest
2025-03-10 13:30:00+00:00,2025-03-10 14:30:00+00:00,NVDA,LONG,1.0,108.06439971923828,106.33333659481464,50.500371776417595,0.004415235319496169,stop_loss,08bb23db6e7ec52c,NVDA_1h_artifacts/xgb_prob_nvda_1h_v1.pkl,backtest,backtest
2025-03-20 19:30:00+00:00,2025-03-21 13:30:00+00:00,NVDA,LONG,1.0,118.47000122070312,115.55908682326638,-137.58604324866423,-0.011976236660862893,stop_loss,08bb23db6e7ec52c,NVDA_1h_artifacts/xgb_prob_nvda_1h_v1.pkl,backtest,backtest
2025-03-24 13:30:00+00:00,2025-03-24 14:30:00+00:00,NVDA,LONG,1.0,120.4800033569336,122.12279573344195,69.38874897673873,0.006113186645581248,trailing_stop,08bb23db6e7ec52c,NVDA_1h_artifacts/xgb_prob_nvda_1h_v1.pkl,backtest,backtest
2025-03-24 19:30:00+00:00,2025-03-25 13:30:00+00:00,NVDA,LONG,1.0,121.2300033569336,119.80286622461075,-89.12481167155076,-0.007804235787628122,stop_loss,08bb23db6e7ec52c,NVDA_1h_artifacts/xgb_prob_nvda_1h_v1.pkl,backtest,backtest
2025-03-26 13:30:00+00:00,2025-03-26 14:30:00+00:00,NVDA,LONG,1.0,115.11499786376952,114.83338392697995,8.461603205752851,0.0007467703121231128,stop_loss,08bb23db6e7ec52c,NVDA_1h_artifacts/xgb_prob_nvda_1h_v1.pkl,backtest,backtest
2025-03-26 16:30:00+00:00,2025-03-26 17:30:00+00:00,NVDA,LONG,1.0,113.45999908447266,112.80194524473201,27.252331941500277,0.0024033325104084735,stop_loss,08bb23db6e7ec52c,NVDA_1h_artifacts/xgb_prob_nvda_1h_v1.pkl,backtest,backtest
2025-03-28 19:30:00+00:00,2025-03-31 13:30:00+00:00,NVDA,LONG,1.0,109.63999938964844,103.73082504520035,326.8700277838583,0.02875694781405924,stop_loss,08bb23db6e7ec52c,NVDA_1h_artifacts/xgb_prob_nvda_1h_v1.pkl,backtest,backtest
2025-03-31 18:30:00+00:00,2025-03-31 19:30:00+00:00,NVDA,LONG,1.0,107.23999786376952,108.3716828712273,-59.838188401111964,-0.005117211236764452,stop_loss,08bb23db6e7ec52c,NVDA_1h_artifacts/xgb_prob_nvda_1h_v1.pkl,backtest,backtest
2025-04-16 13:30:00+00:00,2025-04-16 14:30:00+00:00,NVDA,LONG,1.0,105.5199966430664,103.94565998528333,49.83574351525016,0.004283748174346735,stop_loss,08bb23db6e7ec52c,NVDA_1h_artifacts/xgb_prob_nvda_1h_v1.pkl,backtest,backtest
2025-04-17 13:30:00+00:00,2025-04-17 14:30:00+00:00,NVDA,LONG,1.0,100.49500274658205,100.1954577638636,6.647398982717617,0.0005689555023709048,stop_loss,08bb23db6e7ec52c,NVDA_1h_artifacts/xgb_prob_nvda_1h_v1.pkl,backtest,backtest
2025-04-24 19:30:00+00:00,2025-04-25 13:30:00+00:00,NVDA,LONG,1.0,106.37999725341795,107.99971518571436,69.8467835854665,0.005974835371886922,trailing_stop,08bb23db6e7ec52c,NVDA_1h_artifacts/xgb_prob_nvda_1h_v1.pkl,backtest,backtest
2025-04-25 15:30:00+00:00,2025-04-25 16:30:00+00:00,NVDA,LONG,1.0,109.4749984741211,111.83057724299324,117.21725848718518,0.009967447903464821,trailing_stop,08bb23db6e7ec52c,NVDA_1h_artifacts/xgb_prob_nvda_1h_v1.pkl,backtest,backtest
2025-04-25 19:30:00+00:00,2025-04-28 13:30:00+00:00,NVDA,LONG,1.0,110.95999908447266,108.5019344592474,-136.29941744355045,-0.011475696080125775,stop_loss,08bb23db6e7ec52c,NVDA_1h_artifacts/xgb_prob_nvda_1h_v1.pkl,backtest,backtest
2025-04-28 19:30:00+00:00,2025-04-29 13:30:00+00:00,NVDA,LONG,1.0,108.63999938964844,109.6182116810108,43.92040984019387,0.00374079639556002,trailing_stop,08bb23db6e7ec52c,NVDA_1h_artifacts/xgb_prob_nvda_1h_v1.pkl,backtest,backtest
2025-04-29 19:30:00+00:00,2025-04-30 13:30:00+00:00,NVDA,LONG,1.0,108.91999816894533,104.15994287540319,275.3210192353325,0.02336229370537435,stop_loss,08bb23db6e7ec52c,NVDA_1h_artifacts/xgb_prob_nvda_1h_v1.pkl,backtest,backtest
2025-05-02 13:30:00+00:00,2025-05-02 14:30:00+00:00,NVDA,LONG,1.0,113.90499877929688,114.69762058940213,31.297106480395673,0.0025950808158567984,trailing_stop,08bb23db6e7ec52c,NVDA_1h_artifacts/xgb_prob_nvda_1h_v1.pkl,backtest,backtest
2025-05-08 19:30:00+00:00,2025-05-09 13:30:00+00:00,NVDA,LONG,1.0,117.37000274658205,116.6015240325134,-55.76297702356305,-0.004611764072946278,stop_loss,08bb23db6e7ec52c,NVDA_1h_artifacts/xgb_prob_nvda_1h_v1.pkl,backtest,backtest
2025-05-09 19:30:00+00:00,2025-05-12 13:30:00+00:00,NVDA,LONG,1.0,116.62069702148438,118.41239853110662,-136.16417851207075,-0.011313357132214041,stop_loss,08bb23db6e7ec52c,NVDA_1h_artifacts/xgb_prob_nvda_1h_v1.pkl,backtest,backtest
2025-05-13 13:30:00+00:00,2025-05-13 14:30:00+00:00,NVDA,LONG,1.0,129.21499633789062,130.73171427922128,63.92115518181555,0.005371734936204575,trailing_stop,08bb23db6e7ec52c,NVDA_1h_artifacts/xgb_prob_nvda_1h_v1.pkl,backtest,backtest
2025-05-14 15:30:00+00:00,2025-05-14 16:30:00+00:00,NVDA,LONG,1.0,134.97000122070312,135.33184935092336,10.336985870138792,0.000864046690371989,trailing_stop,08bb23db6e7ec52c,NVDA_1h_artifacts/xgb_prob_nvda_1h_v1.pkl,backtest,backtest
2025-05-15 15:30:00+00:00,2025-05-15 16:30:00+00:00,NVDA,LONG,1.0,135.2165985107422,136.20355223914785,41.65965387281151,0.0034792357488868664,trailing_stop,08bb23db6e7ec52c,NVDA_1h_artifacts/xgb_prob_nvda_1h_v1.pkl,backtest,backtest
2025-05-19 19:30:00+00:00,2025-05-20 13:30:00+00:00,NVDA,LONG,1.0,135.49000549316406,132.92790878145652,-147.3723412721259,-0.012265232706964113,stop_loss,08bb23db6e7ec52c,NVDA_1h_artifacts/xgb_prob_nvda_1h_v1.pkl,backtest,backtest
2025-05-28 19:30:00+00:00,2025-05-29 13:30:00+00:00,NVDA,LONG,1.0,134.8115997314453,143.41915767225007,570.5672441937709,0.04807577612142122,trailing_stop,08bb23db6e7ec52c,NVDA_1h_artifacts/xgb_prob_nvda_1h_v1.pkl,backtest,backtest
2025-05-30 13:30:00+00:00,2025-05-30 14:30:00+00:00,NVDA,LONG,1.0,137.36000061035156,136.49964561480118,-46.89328959211606,-0.003769966447283335,stop_loss,08bb23db6e7ec52c,NVDA_1h_artifacts/xgb_prob_nvda_1h_v1.pkl,backtest,backtest
2025-06-02 19:30:00+00:00,2025-06-03 13:30:00+00:00,NVDA,LONG,1.0,137.3699951171875,139.864559863942,-145.81349157899018,-0.01176697590907172,stop_loss,08bb23db6e7ec52c,NVDA_1h_artifacts/xgb_prob_nvda_1h_v1.pkl,backtest,backtest
2025-06-06 19:30:00+00:00,2025-06-09 13:30:00+00:00,NVDA,LONG,1.0,141.69000244140625,144.1277735035603,-153.9526073351363,-0.012571724076039459,stop_loss,08bb23db6e7ec52c,NVDA_1h_artifacts/xgb_prob_nvda_1h_v1.pkl,backtest,backtest
2025-06-12 19:30:00+00:00,2025-06-13 13:30:00+00:00,NVDA,LONG,1.0,145.0,142.60204736563293,-176.99058217992481,-0.014637010702220232,stop_loss,08bb23db6e7ec52c,NVDA_1h_artifacts/xgb_prob_nvda_1h_v1.pkl,backtest,backtest
2025-06-23 19:30:00+00:00,2025-06-24 13:30:00+00:00,NVDA,LONG,1.0,144.1750030517578,145.67001086520497,-110.67698560935665,-0.009288879068582445,stop_loss,08bb23db6e7ec52c,NVDA_1h_artifacts/xgb_prob_nvda_1h_v1.pkl,backtest,backtest
2025-06-24 19:30:00+00:00,2025-06-25 13:30:00+00:00,NVDA,LONG,1.0,147.8300018310547,152.49723482129767,338.28948675465807,0.028658103691697967,trailing_stop,08bb23db6e7ec52c,NVDA_1h_artifacts/xgb_prob_nvda_1h_v1.pkl,backtest,backtest
2025-06-26 13:30:00+00:00,2025-06-26 14:30:00+00:00,NVDA,LONG,1.0,156.44859313964844,156.63390286462774,1.6966579684630367,0.00013972759948122082,trailing_stop,08bb23db6e7ec52c,NVDA_1h_artifacts/xgb_prob_nvda_1h_v1.pkl,backtest,backtest
2025-06-27 13:30:00+00:00,2025-06-27 14:30:00+00:00,NVDA,LONG,1.0,157.42010498046875,157.9223994853316,21.24314455530148,0.0017492263970135813,trailing_stop,08bb23db6e7ec52c,NVDA_1h_artifacts/xgb_prob_nvda_1h_v1.pkl,backtest,backtest
2025-07-03 13:30:00+00:00,2025-07-03 14:30:00+00:00,NVDA,LONG,1.0,160.6300048828125,160.72957732104578,-3.219937438671032,-0.00026467665423568487,trailing_stop,08bb23db6e7ec52c,NVDA_1h_artifacts/xgb_prob_nvda_1h_v1.pkl,backtest,backtest
2025-07-08 19:30:00+00:00,2025-07-09 13:30:00+00:00,NVDA,LONG,1.0,160.00010681152344,164.3576867638276,318.7457812462621,0.026207621664152025,trailing_stop,08bb23db6e7ec52c,NVDA_1h_artifacts/xgb_prob_nvda_1h_v1.pkl,backtest,backtest
2025-07-10 16:30:00+00:00,2025-07-10 17:30:00+00:00,NVDA,LONG,1.0,163.44769287109375,164.4205285673265,57.726316856166825,0.004625106934096346,trailing_stop,08bb23db6e7ec52c,NVDA_1h_artifacts/xgb_prob_nvda_1h_v1.pkl,backtest,backtest
2025-07-10 19:30:00+00:00,2025-07-11 13:30:00+00:00,NVDA,LONG,1.0,164.10499572753906,167.53108633160474,248.9774151470697,0.01985655283245724,trailing_stop,08bb23db6e7ec52c,NVDA_1h_artifacts/xgb_prob_nvda_1h_v1.pkl,backtest,backtest
2025-07-11 19:30:00+00:00,2025-07-14 13:30:00+00:00,NVDA,LONG,1.0,164.8800048828125,163.36528382696733,-124.22760760523555,-0.009714555476315834,stop_loss,08bb23db6e7ec52c,NVDA_1h_artifacts/xgb_prob_nvda_1h_v1.pkl,backtest,backtest
2025-07-24 13:30:00+00:00,2025-07-24 14:30:00+00:00,NVDA,LONG,1.0,172.08999633789062,173.1134213341261,49.451083125309886,0.003904992676934782,trailing_stop,08bb23db6e7ec52c,NVDA_1h_artifacts/xgb_prob_nvda_1h_v1.pkl,backtest,backtest
2025-07-28 19:30:00+00:00,2025-07-29 13:30:00+00:00,NVDA,LONG,1.0,176.75,179.3192938292747,171.90244346411572,0.013521779549903412,trailing_stop,08bb23db6e7ec52c,NVDA_1h_artifacts/xgb_prob_nvda_1h_v1.pkl,backtest,backtest
2025-07-29 19:30:00+00:00,2025-07-30 13:30:00+00:00,NVDA,LONG,1.0,175.50999450683594,178.67026700525136,218.89162053301848,0.016988219045805275,trailing_stop,08bb23db6e7ec52c,NVDA_1h_artifacts/xgb_prob_nvda_1h_v1.pkl,backtest,backtest
2025-08-19 19:30:00+00:00,2025-08-20 13:30:00+00:00,NVDA,LONG,1.0,175.64999389648438,168.8853894667641,410.45969012082753,0.031323718078664964,stop_loss,08bb23db6e7ec52c,NVDA_1h_artifacts/xgb_prob_nvda_1h_v1.pkl,backtest,backtest
2025-08-25 19:30:00+00:00,2025-08-26 13:30:00+00:00,NVDA,LONG,1.0,179.83999633789062,178.97251000542894,-60.24694322271013,-0.004458028132524716,stop_loss,08bb23db6e7ec52c,NVDA_1h_artifacts/xgb_prob_nvda_1h_v1.pkl,backtest,backtest
2025-09-09 17:30:00+00:00,2025-09-09 18:30:00+00:00,NVDA,LONG,1.0,168.2449951171875,170.28540469325426,118.88992532106731,0.00883676422575852,trailing_stop,08bb23db6e7ec52c,NVDA_1h_artifacts/xgb_prob_nvda_1h_v1.pkl,backtest,backtest
2025-09-09 19:30:00+00:00,2025-09-10 13:30:00+00:00,NVDA,LONG,1.0,170.7584991455078,178.86325972063742,494.70925971809964,0.036448306317840684,trailing_stop,08bb23db6e7ec52c,NVDA_1h_artifacts/xgb_prob_nvda_1h_v1.pkl,backtest,backtest
2025-09-18 13:30:00+00:00,2025-09-18 14:30:00+00:00,NVDA,LONG,1.0,175.77490234375,172.99618994793187,127.18014001756518,0.009040635621125004,stop_loss,08bb23db6e7ec52c,NVDA_1h_artifacts/xgb_prob_nvda_1h_v1.pkl,backtest,backtest
2025-09-19 18:30:00+00:00,2025-09-19 19:30:00+00:00,NVDA,LONG,1.0,176.31500244140625,177.91108954662013,90.21771248439953,0.006355691688243681,trailing_stop,08bb23db6e7ec52c,NVDA_1h_artifacts/xgb_prob_nvda_1h_v1.pkl,backtest,backtest
2025-09-22 15:30:00+00:00,2025-09-22 16:30:00+00:00,NVDA,LONG,1.0,182.1999969482422,184.43620677056848,99.25519078258442,0.006948206733492279,trailing_stop,08bb23db6e7ec52c,NVDA_1h_artifacts/xgb_prob_nvda_1h_v1.pkl,backtest,backtest
2025-09-24 19:30:00+00:00,2025-09-25 13:30:00+00:00,NVDA,LONG,1.0,176.8800048828125,173.2216169282755,207.3809408442308,0.014417209552210597,stop_loss,08bb23db6e7ec52c,NVDA_1h_artifacts/xgb_prob_nvda_1h_v1.pkl,backtest,backtest
2025-09-26 19:30:00+00:00,2025-09-29 13:30:00+00:00,NVDA,LONG,1.0,178.19000244140625,183.89487618490662,304.8565374377633,0.02089254155644893,trailing_stop,08bb23db6e7ec52c,NVDA_1h_artifacts/xgb_prob_nvda_1h_v1.pkl,backtest,backtest
2025-10-20 19:30:00+00:00,2025-10-21 13:30:00+00:00,NVDA,LONG,1.0,182.57000732421875,180.37023138147538,-137.482530802876,-0.009229182825458704,stop_loss,08bb23db6e7ec52c,NVDA_1h_artifacts/xgb_prob_nvda_1h_v1.pkl,backtest,backtest
2025-10-24 13:30:00+00:00,2025-10-24 14:30:00+00:00,NVDA,LONG,1.0,184.6150054931641,185.43482787401197,38.84907841587237,0.002632226432060625,trailing_stop,08bb23db6e7ec52c,NVDA_1h_artifacts/xgb_prob_nvda_1h_v1.pkl,backtest,backtest
2025-10-28 15:30:00+00:00,2025-10-28 16:30:00+00:00,NVDA,LONG,1.0,193.7001037597656,196.47291991421264,156.38117225578236,0.01056781811259766,trailing_stop,08bb23db6e7ec52c,NVDA_1h_artifacts/xgb_prob_nvda_1h_v1.pkl,backtest,backtest
2025-10-28 18:30:00+00:00,2025-10-28 19:30:00+00:00,NVDA,LONG,1.0,202.01499938964844,203.0265194459518,38.66039988951178,0.0025852452183841024,trailing_stop,08bb23db6e7ec52c,NVDA_1h_artifacts/xgb_prob_nvda_1h_v1.pkl,backtest,backtest
2025-11-10 20:30:00+00:00,2025-11-11 14:30:00+00:00,NVDA,LONG,1.0,199.0399932861328,194.5814034571663,-167.59063158197534,-0.011177992923889879,stop_loss,08bb23db6e7ec52c,NVDA_1h_artifacts/xgb_prob_nvda_1h_v1.pkl,backtest,backtest
2025-11-20 14:30:00+00:00,2025-11-20 15:30:00+00:00,NVDA,LONG,1.0,193.9199981689453,194.4654836655201,10.871254375456557,0.000733289771466028,trailing_stop,08bb23db6e7ec52c,NVDA_1h_artifacts/xgb_prob_nvda_1h_v1.pkl,backtest,backtest
2025-11-20 20:30:00+00:00,2025-11-21 14:30:00+00:00,NVDA,LONG,1.0,180.94000244140625,175.69219994335222,142.7760784500055,0.00962350046270588,stop_loss,08bb23db6e7ec52c,NVDA_1h_artifacts/xgb_prob_nvda_1h_v1.pkl,backtest,backtest
2025-11-25 14:30:00+00:00,2025-11-25 15:30:00+00:00,NVDA,LONG,1.0,171.0749969482422,171.26259298674088,-9.781710188460716,-0.0006530297440188182,stop_loss,08bb23db6e7ec52c,NVDA_1h_artifacts/xgb_prob_nvda_1h_v1.pkl,backtest,backtest
2025-11-25 20:30:00+00:00,2025-11-26 14:30:00+00:00,NVDA,LONG,1.0,177.8000030517578,181.87178170622755,-125.74074533227227,-0.008399973221822732,stop_loss,08bb23db6e7ec52c,NVDA_1h_artifacts/xgb_prob_nvda_1h_v1.pkl,backtest,backtest
